Date,Sector,Index,Turnover,Volume,Trades,Chg,Chg,ForeignBuy,ForeignSell,BS,ForeignNet,MarketCap,PER,RSI
2019-11-06,ASI,"5956.52","953500339","22585205","5874",-37.14,-0.61,"335974455","364529529",S,"-28555074","2770360813120",10.52,60.31
2019-11-07,ASI,"5932.07","599692400","36747076","5878",-24.45,-0.41,"118925793","132242421",S,"-13316628","2758988895866",10.47,55.36
2019-11-08,ASI,"5954.62","722614294","37882909","5109",22.55,0.38,"73606239","84989585",S,"-11383346","2769475632226",10.51,58.73
2019-11-13,ASI,"5989.42","2015514021","31294664","6781",34.80,0.58,"34535849","1560472604",S,"-1525936755","2785662749273",10.58,63.32
2019-11-14,ASI,"5980.07","635453840","22913196","5382",-9.35,-0.15,"135267832","141055543",S,"-5787712","2781312735212",10.56,61.34
2019-11-15,ASI,"6023.02","917612716","59716407","8864",42.95,0.71,"9245270","313106133",S,"-303860862","2801897093406",10.64,66.51
2019-11-18,ASI,"6129.56","2413582505","116447030","18569",106.54,1.76,"178322190","569900230",S,"-391578040","2851456513273",10.83,75.32
2019-11-19,ASI,"6142.76","1438659374","72950685","14878",13.20,0.21,"130112449","385931049",S,"-255818600","2857600002862",10.85,76.16
2019-11-20,ASI,"6138.59","2046914831","89825219","15669",-4.17,-0.06,"167344391","791601114",S,"-624256723","2855660216209",10.84,75.29
2019-11-21,ASI,"6138.33","1270332669","54274292","13254",-0.26,0.00,"54578501","349566784",S,"-294988282","2855538138475",10.84,75.23
2019-11-22,ASI,"6119.27","925648420","61305377","10221",-19.06,-0.31,"160732941","210815724",S,"-50082783","2846672467718",10.81,70.95
2019-11-25,ASI,"6083.74","662639751","41167417","6788",-35.53,-0.58,"168927495","94123355",B,"74804140","2830143764730",10.74,63.66
2019-11-26,ASI,"6094.85","633323961","32508523","7499",11.11,0.18,"36029643","137493377",S,"-101463734","2835311714563",10.76,64.88
2019-11-27,ASI,"6118.87","1290140457","72348744","10039",24.02,0.39,"476088283","652820382",S,"-176732098","2846484637824",10.81,67.41
2019-11-28,ASI,"6201.12","2783426977","90540706","16526",82.25,1.34,"373141100","1194353462",S,"-821212362","2884747756195",10.95,74.26
2019-11-29,ASI,"6211.97","1605316577","62923918","11495",10.85,0.17,"52372388","525073452",S,"-472701064","2889794698146",10.97,75.01
2019-12-02,ASI,"6215.23","702651633","38782036","8185",3.26,0.05,"198735651","70119247",B,"128616404","2891311322572",10.98,75.24
2019-12-03,ASI,"6214.99","946619333","74305345","9266",-0.24,0.00,"179015832","97405342",B,"81610490","2891199713239",10.98,75.19
2019-12-04,ASI,"6206.40","824604867","35248191","9240",-8.59,-0.13,"101407494","278341240",S,"-176933746","2887208310796",10.96,73.11
2019-12-05,ASI,"6160.88","1196737618","67432881","7533",-45.52,-0.73,"283630546","311436102",S,"-27805556","2866033232029",10.88,63.16
2019-12-06,ASI,"6149.57","404335075","29645775","6425",-11.31,-0.18,"64962332","150939087",S,"-85976755","2860770249633",10.86,60.94
2019-12-09,ASI,"6103.63","435485959","18441757","5264",-45.94,-0.74,"28179132","169182770",S,"-141003638","2839399072309",10.78,52.82
2019-12-10,ASI,"6060.20","573446234","14821530","4684",-43.43,-0.71,"143826199","356999019",S,"-213172821","2819197423447",10.70,46.51
2019-12-12,ASI,"6099.66","440908114","21304532","4301",39.46,0.65,"240704161","294840480",S,"-54136319","2837557070767",10.77,52.11
2019-12-13,ASI,"6089.67","379658934","12879500","3382",-9.99,-0.16,"9539049","51738726",S,"-42199677","2832906280124",10.76,50.67
2019-12-16,ASI,"6057.00","210688461","10959548","3890",-32.67,-0.53,"36404784","43587347",S,"-7182563","2817709103156",10.70,46.16
2019-12-17,ASI,"6062.33","240176954","7660505","3407",5.33,0.08,"83272654","119321239",S,"-36048586","2820197602839",10.71,46.99
2019-12-18,ASI,"6059.09","224637468","7888161","3016",-3.24,-0.05,"40416817","86192482",S,"-45775665","2818686110880",10.70,46.52
2019-12-19,ASI,"6045.27","556367253","8691738","2931",-13.82,-0.22,"231580849","206359984",B,"25220865","2812260149179",10.68,44.48
2019-12-20,ASI,"6044.73","753642462","43561413","5922",-0.54,0.00,"175481768","260815956",S,"-85334188","2812009633493",10.68,44.40
2019-12-23,ASI,"6031.81","388655126","13051716","3873",-12.92,-0.21,"203045993","55823222",B,"147222772","2805998532148",10.65,42.39
2019-12-24,ASI,"6053.12","132234664","8660197","3632",21.31,0.35,"20531062","26625119",S,"-6094057","2815911954510",10.69,46.68
2019-12-26,ASI,"6086.69","421581980","39706294","4859",33.57,0.55,"7159603","49097061",S,"-41937458","2831525963938",10.75,52.65
2019-12-27,ASI,"6122.64","472796067","24215110","6085",35.95,0.59,"9018686","103298826",S,"-94280140","2848252564054",10.81,58.07
2019-12-30,ASI,"6156.00","903356134","48088960","8796",33.36,0.54,"29928985","207689444",S,"-177760459","2863769203199",10.87,62.38
2019-12-31,ASI,"6129.21","965398597","49666362","7724",-26.79,-0.43,"151423282","276277597",S,"-124854316","2851312968830",10.83,57.29
2020-01-02,ASI,"6108.53","505514262","49483111","6625",-20.68,-0.33,"8340856","45025058",S,"-36684202","2841695015329",10.95,53.65
2020-01-03,ASI,"6111.28","596768066","38903394","7529",2.75,0.04,"83713047","160744131",S,"-77031085","2842972638518",10.96,54.07
2020-01-06,ASI,"6069.93","444769987","30455063","5409",-41.35,-0.67,"91322095","19967047",B,"71355047","2823737220614",10.96,47.19
2020-01-07,ASI,"6026.09","1444896603","34001972","6213",-43.84,-0.72,"111481517","96071721",B,"15409796","2803345107187",10.88,41.20
2020-01-08,ASI,"5898.84","624439625","50444093","9715",-127.25,-2.11,"59089936","61480209",S,"-2390273","2744145678758",10.91,29.49
2020-01-09,ASI,"5987.55","23633541029","175737775","7419",88.71,1.50,"22944246710","23047714905",S,"-103468195","2785412216634",11.04,41.89
2020-01-13,ASI,"5980.67","1075640358","58323016","4382",-6.88,-0.11,"3658688","551767728",S,"-548109040","2782235194545",11.00,41.28
2020-01-14,ASI,"5968.63","218703313","16363210","3502",-12.04,-0.20,"7894178","37831201",S,"-29937023","2776631406888",10.88,40.18
2020-01-16,ASI,"5940.99","2835464507","124913329","3198",-27.64,-0.46,"2650302081","2644309833",B,"5992248","2763775434397",10.83,37.71
2020-01-17,ASI,"5932.92","600207194","11356518","4061",-8.07,-0.13,"403638524","480746250",S,"-77107726","2760020593846",10.82,36.99
2020-01-20,ASI,"5906.20","489532684","12249936","3024",-26.72,-0.45,"23547732","374330727",S,"-350782995","2748096387195",10.77,34.64
2020-01-21,ASI,"5914.33","339949821","13781310","3479",8.13,0.13,"88869633","110186087",S,"-21316454","2751878564179",10.79,35.98
2020-01-22,ASI,"5941.42","918760893","21078637","4426",27.09,0.45,"208240113","473443096",S,"-265202983","2764480472099",10.83,40.34
2020-01-23,ASI,"5984.50","604481354","13338314","4406",43.08,0.72,"218495071","344420666",S,"-125925595","2784526236416",10.91,46.57
2020-01-24,ASI,"5991.29","492683369","11977638","3916",6.79,0.11,"51359873","253906388",S,"-202546515","2787689957625",10.93,47.50
2020-01-27,ASI,"5934.63","181991488","14464826","3836",-56.66,-0.94,"20488549","9144744",B,"11343804","2763319652427",10.84,41.07
2020-01-28,ASI,"5884.81","256058188","13944983","4385",-49.82,-0.83,"24358114","12476947",B,"11881167","2740118417931",10.74,36.40
2020-01-29,ASI,"5936.30","1115174316","24950512","3903",51.49,0.87,"24861893","726093227",S,"-701231334","2764094775673",10.84,43.54
2020-01-30,ASI,"5927.72","896723801","15052477","3592",-8.58,-0.14,"124537250","511211453",S,"-386674204","2760101890059",10.88,42.68
2020-01-31,ASI,"5929.76","527402717","15345502","4074",2.04,0.03,"75417847","241999270",S,"-166581423","2761105526967",10.91,42.97
2020-02-03,ASI,"5931.04","387721180","7481656","3163",1.28,0.02,"36020738","223788375",S,"-187767636","2762301808444",10.91,43.17
2020-02-05,ASI,"5942.07","395218449","9857482","4230",11.03,0.18,"185239555","181248732",B,"3990823","2767437559069",10.93,44.90
2020-02-06,ASI,"5948.27","570062694","35786598","4901",6.20,0.10,"61238409","278818650",S,"-217580241","2770326500658",10.94,45.89
2020-02-07,ASI,"5942.53","416910709","18380442","4272",-5.74,-0.09,"110906756","145364229",S,"-34457473","2767653341540",10.93,45.08
2020-02-10,ASI,"5933.75","352316659","10851562","4136",-8.78,-0.14,"60916426","65183359",S,"-4266933","2763565184354",10.92,43.80
2020-02-11,ASI,"5899.06","573111885","13053814","4478",-34.69,-0.58,"117547633","287303338",S,"-169755705","2747408122853",10.85,39.08
2020-02-12,ASI,"5878.44","597668771","16720503","3914",-20.62,-0.34,"208840100","284147766",S,"-75307666","2737803015933",10.81,36.56
2020-02-13,ASI,"5857.30","262876291","10246220","3983",-21.14,-0.35,"8793534","81860813",S,"-73067279","2727960984598",10.78,34.12
2020-02-14,ASI,"5829.21","427424602","12490421","5122",-28.09,-0.47,"103400198","132513462",S,"-29113265","2714876563724",10.72,31.16
2020-02-17,ASI,"5814.27","439940127","19626049","4366",-14.94,-0.25,"16434839","78509347",S,"-62074508","2707916002033",10.70,29.68
2020-02-18,ASI,"5831.01","431263930","17226190","3303",16.74,0.28,"70440587","29946056",B,"40494531","2715712657913",10.73,33.48
2020-02-19,ASI,"5847.83","188126854","10979925","4403",16.82,0.28,"4737680","39118186",S,"-34380506","2723547027083",10.76,37.17
2020-02-20,ASI,"5830.51","735971091","23098362","3403",-17.32,-0.29,"150534668","217043863",S,"-66509195","2715492958623",10.73,35.02
2020-02-24,ASI,"5797.30","424087495","12749096","3756",-33.21,-0.56,"107526986","103694659",B,"3832328","2700024369277",10.67,31.28
2020-02-25,ASI,"5730.93","591682877","18687288","5294",-66.37,-1.14,"136819846","233785450",S,"-96965603","2669114629073",10.54,25.44
2020-02-26,ASI,"5643.62","360934143","12950958","6074",-87.31,-1.52,"83957362","67474725",B,"16482637","2628450967424",10.38,20.12
2020-02-27,ASI,"5667.87","486454061","15997045","4507",24.25,0.42,"55217709","91171541",S,"-35953831","2633985047009",10.37,24.82
2020-02-28,ASI,"5592.92","754978562","21560340","6687",-74.95,-1.32,"326962789","389668571",S,"-62705782","2599154906737",10.23,20.75
2020-03-02,ASI,"5614.29","256427244","14155961","4364",21.37,0.38,"79494825","95398264",S,"-15903439","2609085257337",10.27,24.55
2020-03-03,ASI,"5618.41","323415932","31956547","3993",4.12,0.07,"51334025","138295959",S,"-86961934","2611706527639",10.28,25.30
2020-03-04,ASI,"5535.45","398184018","14497571","6299",-82.96,-1.47,"76950438","208813951",S,"-131863513","2573144247517",10.13,20.84
2020-03-05,ASI,"5484.25","759345571","23425883","5692",-51.20,-0.92,"210051103","408485472",S,"-198434369","2549345586316",10.03,18.66
2020-03-06,ASI,"5343.15","827669520","46913754","8557",-141.10,-2.57,"172083320","491795870",S,"-319712549","2483753436762",9.78,14.24
2020-03-10,ASI,"5121.91","1346933390","41000387","10955",-221.24,-4.14,"581271700","867095866",S,"-285824166","2380911710400",9.37,10.16
2020-03-11,ASI,"5204.52","428883406","29564816","7234",82.61,1.61,"68289091","41970918",B,"26318173","2419313146889",9.52,19.43
2020-03-12,ASI,"5019.55","514425575","34975925","9888",-184.97,-3.55,"23620453","29844252",S,"-6223799","2333330847297",9.18,15.55
2020-03-13,ASI,"4874.73","1048581354","52698900","12504",-144.82,-2.88,"174729805","294591239",S,"-119861434","2269370991610",8.93,13.32
2020-03-20,ASI,"4571.63","420762799","23600977","7457",-303.10,-6.21,"35197603","143506459",S,"-108308855","2128266778908",8.38,10.06
2020-05-11,ASI,"4392.43","24892097","4411477","1426",-179.20,-3.91,"753924","157260",B,"596664","2044841544496",8.05,8.70
2020-05-12,ASI,"4247.95","3645577692","193366012","9303",-144.48,-3.28,"103166611","217473775",S,"-114307164","1977581314422",7.78,7.79
2020-05-13,ASI,"4367.25","978447265","42567579","10278",119.30,2.80,"334861590","664370556",S,"-329508966","2033119617514",8.00,15.65
2020-05-14,ASI,"4393.54","3684293415","85087599","9888",26.29,0.60,"441195541","3300081580",S,"-2858886039","2045356326594",8.05,17.32
2020-05-15,ASI,"4439.04","1276434833","26061059","8213",45.50,1.03,"708937230","916198727",S,"-207261497","2066541842643",8.13,20.27
2020-05-18,ASI,"4606.85","1060547560","34805148","11419",167.81,3.78,"57876866","399849269",S,"-341972403","2144664161280",8.44,30.16
2020-05-19,ASI,"4701.03","1183428302","56982501","12135",94.18,2.04,"76383856","545686587",S,"-469302731","2188508315041",8.61,35.03
2020-05-20,ASI,"4655.22","1499388084","52848994","11034",-45.81,-0.97,"129118894","776029641",S,"-646910747","2176441336403",8.57,33.79
2020-05-21,ASI,"4784.80","2304304366","51836599","12616",129.58,2.78,"120287510","1376299587",S,"-1256012076","2237027821937",8.81,40.21
2020-05-22,ASI,"4799.89","2000919481","94712402","12766",15.09,0.31,"209446621","898285045",S,"-688838424","2244081319229",8.83,40.93
2020-05-26,ASI,"4780.22","1034991784","52439073","10700",-19.67,-0.40,"324585852","469461317",S,"-144875465","2234882616943",8.80,40.25
2020-05-27,ASI,"4800.01","1373990966","35292519","8902",19.79,0.41,"300678827","180068654",B,"120610173","2244134595731",8.83,41.30
2020-05-28,ASI,"4887.16","1200469094","109582905","9710",87.15,1.81,"372624094","554747777",S,"-182123684","2284880436586",8.99,45.83
2020-05-29,ASI,"4846.76","1541608042","38192900","10083",-40.40,-0.82,"622324554","327939535",B,"294385019","2265994261440",8.92,44.13
2020-06-01,ASI,"4795.40","839910430","34887378","8055",-51.36,-1.05,"307877882","281324026",B,"26553856","2241980524179",8.83,42.00
2020-06-02,ASI,"4790.60","1086892736","192419970","6922",-4.80,-0.10,"556227431","732422223",S,"-176194792","2239735695746",8.82,41.80
2020-06-03,ASI,"4782.43","1301921709","49182984","6701",-8.17,-0.17,"149936458","264090383",S,"-114153926","2235917541346",8.80,41.43
2020-06-04,ASI,"4781.03","605125072","14788032","3753",-1.40,-0.02,"266294777","276381647",S,"-10086870","2235261624828",8.80,41.36
2020-06-08,ASI,"4841.85","2008306471","65798826","9777",60.82,1.27,"566522843","1396947420",S,"-830424577","2263698499435",8.91,45.50
2020-06-09,ASI,"4913.37","1373683517","70159085","11838",71.52,1.47,"129850070","623014180",S,"-493164109","2297133742789",9.04,49.97
2020-06-10,ASI,"4917.54","1322327391","35077023","9298",4.17,0.08,"136387241","798758711",S,"-662371471","2299083853777",9.05,50.22
2020-06-11,ASI,"4917.24","1650985453","40475467","8030",-0.30,0.00,"236698319","989644770",S,"-752946451","2298945143987",9.05,50.20
2020-06-12,ASI,"4914.83","1327978587","33283046","8696",-2.41,-0.04,"88036172","595999900",S,"-507963728","2297816730951",9.04,50.03
2020-06-15,ASI,"4910.83","1682636231","30932610","7029",-4.00,-0.08,"54612112","1160217812",S,"-1105605700","2293189884369",9.03,49.73
2020-06-16,ASI,"4915.56","1060249607","25518630","6936",4.73,0.09,"325416050","543585444",S,"-218169393","2295401701373",9.04,50.11
2020-06-17,ASI,"4958.24","2100951123","80814970","9856",42.68,0.86,"149096486","767212513",S,"-618116027","2315331771877",9.15,53.57
2020-06-18,ASI,"4976.98","1201718940","37637734","10087",18.74,0.37,"124460408","504925036",S,"-380464627","2324078591614",9.19,55.05
2020-06-19,ASI,"4990.42","1031543814","31954616","9653",13.44,0.27,"51072395","375305107",S,"-324232712","2330356690354",9.21,56.13
2020-06-22,ASI,"5046.50","1219537052","38699722","13931",56.08,1.12,"47419615","248042440",S,"-200622826","2356546113712",9.31,60.39
2020-06-23,ASI,"5083.07","1614121757","83153348","14924",36.57,0.72,"51549385","361720424",S,"-310171039","2373621930262",9.38,62.92
2020-06-24,ASI,"5111.94","1780969906","49518329","12114",28.87,0.56,"63637712","721590350",S,"-657952638","2387104223327",9.43,64.83
2020-06-25,ASI,"5145.55","1091932446","52807776","12121",33.61,0.65,"8142092","158693216",S,"-150551124","2402798548270",9.50,66.97
2020-06-26,ASI,"5163.35","1276916592","47193625","12320",17.80,0.34,"43874618","204354024",S,"-160479406","2411108257545",9.53,68.07
2020-06-29,ASI,"5153.77","1194795879","34385464","9219",-9.58,-0.18,"117014632","486437195",S,"-369422564","2406634172016",9.51,66.78
2020-06-30,ASI,"5149.57","2299422035","42643265","10041",-4.20,-0.08,"350691764","949907214",S,"-599215450","2404673127358",9.50,66.18
2020-07-01,ASI,"5148.41","1095716305","32296966","9974",-1.16,-0.02,"171233762","421144589",S,"-249910827","2404131041696",9.50,66.01
2020-07-02,ASI,"5109.04","1563817865","37104846","11269",-39.37,-0.76,"401159956","706791355",S,"-305631399","2385750195514",9.43,60.20
2020-07-03,ASI,"5050.90","1484544646","39701816","10664",-58.14,-1.13,"661876566","268368571",B,"393507996","2358599747473",9.32,52.81
2020-07-06,ASI,"5075.90","1467445653","40913053","9589",25.00,0.49,"82348122","742118131",S,"-659770010","2370272467024",9.37,55.35
2020-07-07,ASI,"5081.78","1704739651","42546127","8213",5.88,0.11,"631084605","868947310",S,"-237862705","2373016737867",9.38,55.95
2020-07-08,ASI,"5069.52","1001506511","72641400","8969",-12.26,-0.24,"55805409","261745558",S,"-205940149","2367293169136",9.36,54.31
2020-07-09,ASI,"5090.41","967515313","34534331","8198",20.89,0.41,"106569319","287796087",S,"-181226769","2377048044799",9.40,56.64
2020-07-10,ASI,"4992.62","2538158231","75075681","18111",-97.79,-1.92,"197489069","420828879",S,"-223339810","2331383297966",9.21,45.05
2020-07-13,ASI,"4879.76","1347612725","49817108","15057",-112.86,-2.26,"394394132","236621556",B,"157772576","2278681162071",9.01,35.92
2020-07-14,ASI,"4947.11","1859379497","49206000","12244",67.35,1.38,"281925278","488544372",S,"-206619095","2310131631434",9.13,43.30
2020-07-15,ASI,"4916.69","464798432","17069641","6862",-30.42,-0.61,"60239943","90558113",S,"-30318169","2295928493458",9.07,41.00
2020-07-16,ASI,"4953.54","567699522","30464433","6725",36.85,0.74,"81224203","204705886",S,"-123481683","2313133540657",9.14,44.82
2020-07-17,ASI,"4988.50","932413406","35358457","8438",34.96,0.70,"239931209","454844995",S,"-214913785","2329460430693",9.21,48.25
2020-07-20,ASI,"5038.85","1190093811","102784156","10318",50.35,1.00,"119122761","508691758",S,"-389568997","2352973048321",9.30,52.79
2020-07-21,ASI,"5034.45","984355361","29722528","7476",-4.40,-0.08,"170735997","359934225",S,"-189198227","2350916463599",9.29,52.36
2020-07-22,ASI,"5019.79","788885626","29847491","8712",-14.66,-0.29,"107778563","160249706",S,"-52471142","2343283513489",9.24,50.87
2020-07-23,ASI,"5040.88","631836940","62302524","10616",21.09,0.42,"20545152","104315175",S,"-83770024","2353125991989",9.27,52.95
2020-07-24,ASI,"5065.30","871887231","62094252","13682",24.42,0.48,"31029945","109546179",S,"-78516234","2383779619916",9.40,55.31
2020-07-27,ASI,"5105.12","1027218500","72039681","15770",39.82,0.78,"82011714","171174804",S,"-89163090","2402518990805",9.47,58.93
2020-07-28,ASI,"5099.42","794977581","51350783","11825",-5.70,-0.11,"86433488","269566555",S,"-183133067","2399983262047",9.46,58.20
2020-07-29,ASI,"5094.00","829726047","43522896","10487",-5.42,-0.10,"102583699","303785895",S,"-201202197","2397424554179",9.45,57.48
2020-07-30,ASI,"5088.10","1066704728","34142540","10889",-5.90,-0.11,"279496298","343183043",S,"-63686745","2394647906393",9.44,56.65
2020-07-31,ASI,"5124.26","1398247364","82103756","10613",36.16,0.71,"366388426","317881940",B,"48506486","2411666235397",9.50,60.42
2020-08-04,ASI,"5166.81","1202867431","98664865","13582",42.55,0.83,"9715911","353276538",S,"-343560628","2431687997837",9.58,64.34
2020-08-05,ASI,"5146.44","603848605","30444914","7094",-20.37,-0.39,"8181584","172507644",S,"-164326060","2422104743740",9.55,61.21
2020-08-06,ASI,"5176.85","889190297","44967496","11496",30.41,0.59,"13415575","248402369",S,"-234986794","2436414768583",9.60,64.02
2020-08-07,ASI,"5176.48","1590452269","64438880","12684",-0.37,0.00,"22220605","155008938",S,"-132788333","2436242545024",9.53,63.96
2020-08-10,ASI,"5150.75","671665106","76292840","12031",-25.73,-0.49,"6161198","169888378",S,"-163727180","2424133392007",9.79,59.72
2020-08-11,ASI,"5196.40","2694950014","108211696","11770",45.65,0.88,"34296813","1235583861",S,"-1201287049","2445615157804",10.00,64.25
2020-08-12,ASI,"5220.57","2723795491","67548411","13311",24.17,0.46,"101454981","671668561",S,"-570213581","2456990743796",9.92,66.41
2020-08-13,ASI,"5235.61","1923608201","63164159","13516",15.04,0.28,"223779425","280643477",S,"-56864053","2464068041129",9.95,67.71
2020-08-14,ASI,"5261.99","3413285475","119311630","16233",26.38,0.50,"357133525","1238075943",S,"-880942418","2476487545063",10.00,69.92
2020-08-17,ASI,"5251.61","1649274802","87218568","10204",-10.38,-0.19,"169839537","509461970",S,"-339622433","2471600953318",9.98,67.95
2020-08-18,ASI,"5279.92","1727398749","72388308","13941",28.31,0.53,"54855644","172472423",S,"-117616779","2484922174522",10.04,70.40
2020-08-19,ASI,"5351.03","3822911198","231359471","19440",71.11,1.34,"346114577","1048485382",S,"-702370806","2518388769119",10.17,75.47
2020-08-20,ASI,"5360.28","2035184119","116689057","17110",9.25,0.17,"29580133","294496602",S,"-264916469","2522743105964",10.19,76.04
2020-08-21,ASI,"5382.38","1828794607","69010978","15111",22.10,0.41,"72623039","147308241",S,"-74685202","2533144976726",10.35,77.40
2020-08-24,ASI,"5385.79","1568851777","63281974","14614",3.41,0.06,"19453843","179885410",S,"-160431567","2534748201864",10.34,77.61
2020-08-25,ASI,"5363.21","2016998175","63884709","12464",-22.58,-0.41,"31089861","697559931",S,"-666470070","2330914902208",9.47,72.76
2020-08-26,ASI,"5335.66","1886969330","62757195","10479",-27.55,-0.51,"17653792","851884089",S,"-834230298","2318943031668",9.42,67.23
2020-08-27,ASI,"5333.32","2201436078","50779956","10676",-2.34,-0.04,"16047932","373529139",S,"-357481207","2317924689943",9.42,66.77
2020-08-28,ASI,"5320.87","1041322490","40813842","10174",-12.45,-0.23,"11800985","364673158",S,"-352872173","2312513958378",9.41,64.23
2020-08-31,ASI,"5329.33","1366805313","70105117","11596",8.46,0.15,"137346254","587918154",S,"-450571900","2316188821030",8.98,65.20
2020-09-02,ASI,"5359.99","1788522190","144885268","12476",30.66,0.57,"43924934","686467063",S,"-642542129","2329513712359",9.03,68.53
2020-09-03,ASI,"5350.85","1115513314","71561518","11066",-9.14,-0.17,"48798968","68510930",S,"-19711963","2325544718986",9.01,66.49
2020-09-04,ASI,"5311.42","1026560506","53063939","12351",-39.43,-0.73,"91249629","297218035",S,"-205968407","2308407194752",8.97,58.41
2020-09-07,ASI,"5310.67","757159446","89789468","13616",-0.75,-0.01,"9468469","37937954",S,"-28469485","2308079906437",8.95,58.26
2020-09-08,ASI,"5316.05","1255989626","99281711","14633",5.38,0.10,"19700394","258372758",S,"-238672364","2310417771723",8.96,59.05
2020-09-09,ASI,"5370.39","3130508276","102207886","17151",54.34,1.02,"48267563","1341670675",S,"-1293403112","2334034995206",9.05,66.01
2020-09-10,ASI,"5399.54","2668247893","133704893","19316",29.15,0.54,"76547623","289128313",S,"-212580691","2346705485764",9.10,69.04
2020-09-11,ASI,"5438.91","1640838206","93740439","15839",39.37,0.72,"194554035","385662839",S,"-191108805","2363816472981",9.17,72.61
2020-09-14,ASI,"5490.60","2285928502","110094384","20161",51.69,0.95,"359836052","430076021",S,"-70239969","2386280904975",9.25,76.44
2020-09-15,ASI,"5533.69","3205226996","157433448","23650",43.09,0.78,"50943533","1021123207",S,"-970179674","2405008633735",9.33,79.07
2020-09-16,ASI,"5585.40","3530834331","185078995","28291",51.71,0.93,"159625540","495660260",S,"-336034720","2427482177262",9.41,81.71
2020-09-17,ASI,"5658.66","3412738164","146241897","28009",73.26,1.31,"92943854","334982092",S,"-242038238","2459320827767",9.54,84.66
2020-09-18,ASI,"5720.67","3544736023","182009898","26893",62.01,1.09,"295528286","757139010",S,"-461610724","2486271217094",9.64,86.62
2020-09-21,ASI,"5762.71","3523283438","199657540","28802",42.04,0.73,"184401505","585446861",S,"-401045356","2504542756668",9.71,87.77
2020-09-22,ASI,"5780.94","2527837334","134187441","26322",18.23,0.31,"90353953","199399381",S,"-109045428","2512464578722",9.76,88.24
2020-09-23,ASI,"5772.10","2152821959","158313368","21658",-8.84,-0.15,"74614894","189670778",S,"-115055884","2508939934606",9.75,86.50
2020-09-24,ASI,"5811.20","2850995811","403666025","23596",39.10,0.67,"254288050","772227445",S,"-517939396","2525935268777",9.81,87.66
2020-09-25,ASI,"5859.04","2424944685","453960182","21995",47.84,0.82,"335257446","693235786",S,"-357978341","2546729666149",9.89,88.91
2020-09-28,ASI,"6028.20","1895283094","217719505","23355",169.16,2.88,"38308395","117731292",S,"-79422897","2620259149194",10.18,92.00
2020-09-29,ASI,"5993.55","3152520555","163082592","22818",-34.65,-0.57,"56559749","1240603994",S,"-1184044245","2599618914348",10.11,86.67
2020-09-30,ASI,"5984.84","2065129792","142962912","20745",-8.71,-0.14,"46587907","115170702",S,"-68582794","2595840686092",10.10,85.34
2020-10-02,ASI,"6050.17","3242550827","215056516","30187",65.33,1.09,"85154684","745235009",S,"-660080326","2624175725979",10.21,86.96
2020-10-05,ASI,"5587.18","3821935535","268773842","39035",-462.99,-7.65,"59200224","201962225",S,"-142762001","2423360816847",9.42,47.11
2020-10-06,ASI,"5534.61","2803222026","163318860","32828",-52.57,-0.94,"92083289","68953488",B,"23129801","2400560044312",9.34,44.61
2020-10-07,ASI,"5553.22","3879719777","113516037","17693",18.61,0.33,"87420007","1156625769",S,"-1069205762","2417231281506",9.40,45.71
2020-10-08,ASI,"5724.54","2900042320","143449992","21619",171.32,3.08,"57681591","891302619",S,"-833621029","2491805689175",9.69,54.63
2020-10-09,ASI,"5798.72","3052774306","214035731","28427",74.18,1.29,"161266491","253169001",S,"-91902510","2524092962966",9.82,57.85
2020-10-12,ASI,"5841.05","3795912757","360512656","35972",42.33,0.72,"63529865","287947398",S,"-224417533","2542550369275",9.89,59.62
2020-10-13,ASI,"5802.97","5035363617","582037888","41688",-38.08,-0.65,"43695500","184483622",S,"-140788122","2525974622569",9.82,57.29
2020-10-14,ASI,"5890.13","5505697980","465276282","40763",87.16,1.50,"50837884","860666160",S,"-809828276","2563915380263",9.97,61.04
2020-10-15,ASI,"5920.00","3465160222","211320490","32500",29.87,0.50,"50334193","79929933",S,"-29595740","2576913811564",10.02,62.26
2020-10-16,ASI,"5945.79","3606797585","195486433","29339",25.79,0.43,"63303244","95717014",S,"-32413770","2588140968865",10.07,63.33
2020-10-19,ASI,"5946.08","2542378205","139861987","29112",0.29,0.00,"35324447","196363256",S,"-161038809","2588267931545",10.07,63.34
2020-10-20,ASI,"5934.23","2258357535","107814105","25046",-11.85,-0.19,"386507497","516081160",S,"-129573662","2583106111072",10.05,62.40
2020-10-21,ASI,"5684.67","3248143212","196613333","37385",-249.56,-4.20,"85809909","252096790",S,"-166286881","2474473201228",9.62,46.67
2020-10-22,ASI,"5771.89","2274006309","147099617","25629",87.22,1.53,"59734641","110500101",S,"-50765460","2512443002044",9.77,51.29
2020-10-23,ASI,"5768.94","1742649620","104996085","17811",-2.95,-0.05,"350162220","354571937",S,"-4409717","2511157014151",9.77,51.13
2020-10-26,ASI,"5669.33","1012321842","70610608","17093",-99.61,-1.72,"66246437","85817615",S,"-19571178","2467798587240",9.60,45.88
2020-10-27,ASI,"5680.28","1090920659","55270211","12709",10.95,0.19,"17501450","228265212",S,"-210763762","2474094300178",9.62,46.53
2020-10-28,ASI,"5600.20","1251161211","64625634","17935",-80.08,-1.40,"82412272","223297345",S,"-140885073","2439215764892",9.49,42.51
2020-10-29,ASI,"5726.59","1641839520","65105836","16418",126.39,2.25,"29626805","497262117",S,"-467635313","2494263297621",9.70,49.87
2020-11-02,ASI,"5713.58","1254771617","70939865","16126",-13.01,-0.22,"12956501","191898600",S,"-178942099","2489604856203",9.68,49.17
2020-11-03,ASI,"5843.27","2711797578","168978901","27956",129.69,2.26,"63015914","440299426",S,"-377283513","2546119373098",9.90,55.81
2020-11-04,ASI,"5905.91","3534949263","242138075","28049",62.64,1.07,"105762704","408427120",S,"-302664416","2573413149102",10.01,58.62
2020-11-05,ASI,"6004.11","4280403352","217696129","32463",98.20,1.66,"32716429","341951998",S,"-309235569","2616202051468",10.17,62.64
2020-11-06,ASI,"6080.09","4991919692","215703599","40114",75.98,1.26,"94317142","245345754",S,"-151028612","2649307531398",10.30,65.43
2020-11-09,ASI,"6114.50","5518346601","225150400","39667",34.41,0.56,"37084008","271868126",S,"-234784118","2664300889512",10.36,66.65
2020-11-10,ASI,"6095.89","3609059751","129758596","33932",-18.61,-0.30,"48947003","272269134",S,"-223322131","2658273066833",10.34,65.31
2020-11-11,ASI,"6097.93","3067315925","90173453","24811",2.04,0.03,"36777784","437176838",S,"-400399054","2659161812606",10.34,65.39
2020-11-12,ASI,"6090.97","1573455951","90468460","18632",-6.96,-0.11,"14437664","100802476",S,"-86364812","2656141657166",10.33,64.83
2020-11-13,ASI,"6082.42","1934389350","70924760","18238",-8.55,-0.14,"21401713","154199441",S,"-132797729","2652415562510",10.32,64.10
2020-11-16,ASI,"6076.92","1391717966","58373677","15993",-5.50,-0.09,"113001213","138923689",S,"-25922475","2650015025997",10.31,63.60
2020-11-17,ASI,"6108.93","2212451531","89727199","21146",32.01,0.52,"88136088","138126347",S,"-49990259","2663973010075",10.36,65.29
2020-11-18,ASI,"6108.22","2452363177","117824875","22226",-0.71,-0.01,"172965009","223945744",S,"-50980735","2663666670639",10.36,65.22
2020-11-19,ASI,"6060.89","1403519116","92453330","16681",-47.33,-0.77,"87525555","58111986",B,"29413569","2643023465722",10.28,60.42
2020-11-20,ASI,"6085.00","1497272223","51132539","15050",24.11,0.39,"89573663","289113987",S,"-199540324","2653539052507",10.32,61.96
2020-11-23,ASI,"6072.07","1235316026","39037963","15698",-12.93,-0.21,"46760008","62230522",S,"-15470514","2647899912890",10.30,60.60
2020-11-24,ASI,"6087.66","1701148957","46981044","16742",15.59,0.25,"172492802","109680502",B,"62812300","2654699476872",10.32,61.69
2020-11-25,ASI,"6141.79","2498605028","88357616","22044",54.13,0.88,"200759107","309543724",S,"-108784616","2678306562263",10.42,65.28
2020-11-26,ASI,"6148.12","1979138529","69080973","17814",6.33,0.10,"81829562","95047833",S,"-13218271","2682096926030",10.43,65.68
2020-11-27,ASI,"6180.86","2095456158","75982704","18799",32.74,0.53,"67866820","83565827",S,"-15699007","2700627896162",10.50,67.78
2020-11-30,ASI,"6243.76","2406781834","82780579","22446",62.90,1.01,"144967491","149707253",S,"-4739762","2728109747205",10.61,71.39
2020-12-01,ASI,"6317.46","2527240264","111896168","25372",73.70,1.18,"84473248","160432792",S,"-75959544","2760842602721",10.74,74.93
2020-12-02,ASI,"6345.84","2261041417","111535603","22468",28.38,0.44,"28548252","247337395",S,"-218789143","2773248761752",10.79,76.15
2020-12-03,ASI,"6359.99","3444158677","146704045","22666",14.15,0.22,"14461211","137504760",S,"-123043549","2779430101168",10.81,76.76
2020-12-04,ASI,"6397.56","3299810856","236142060","30156",37.57,0.59,"231799855","357828768",S,"-126028913","2795848915147",10.87,78.35
2020-12-07,ASI,"6473.76","3256655977","213473311","32420",76.20,1.19,"27020228","350077417",S,"-323057188","2829151005548",11.00,81.15
2020-12-08,ASI,"6564.00","4237614206","326189124","33459",90.24,1.39,"222399249","225780792",S,"-3381543","2868585828040",11.16,83.82
2020-12-09,ASI,"6605.09","5292005845","599592141","37278",41.09,0.62,"438602813","889273815",S,"-450671002","2886544064910",11.23,84.87
2020-12-10,ASI,"6609.39","3884944585","476725124","26023",4.30,0.06,"279335008","716714095",S,"-437379087","2888421442016",11.23,84.98
2020-12-11,ASI,"6614.56","2932317234","305866791","25915",5.17,0.07,"84356618","184071983",S,"-99715365","2890680404107",11.24,85.12
2020-12-14,ASI,"6656.64","2262556439","168240724","23954",42.08,0.63,"89034853","103847591",S,"-14812737","2909073389764",11.32,86.25
2020-12-15,ASI,"6631.89","2524308244","221306095","19386",-24.75,-0.37,"65007174","92503746",S,"-27496572","2898253846408",11.34,82.31
2020-12-16,ASI,"6655.67","3442311355","410411898","22575",23.78,0.35,"99878871","192664983",S,"-92786112","2908646803200",11.33,83.11
2020-12-17,ASI,"6624.15","4438477565","610333822","27065",-31.52,-0.47,"25142616","112845077",S,"-87702461","2894873008442",11.15,78.08
2020-12-18,ASI,"6616.95","1721545460","116520069","15569",-7.20,-0.10,"109973859","269327506",S,"-159353646","2891729944848",11.18,76.93
2020-12-21,ASI,"6622.71","2595203859","94136686","19749",5.76,0.08,"123481667","104281662",B,"19200005","2894246570387",11.19,77.22
2020-12-22,ASI,"6634.92","5844636483","939238379","22094",12.21,0.18,"115376806","272730287",S,"-157353481","2899583848589",11.21,77.85
2020-12-23,ASI,"6629.02","2718776338","94029866","20252",-5.90,-0.08,"82832893","484785462",S,"-401952569","2897005891021",11.20,76.74
2020-12-24,ASI,"6685.64","2745539723","67815944","20051",56.62,0.85,"79943249","80512438",S,"-569189","2921753842730",11.29,79.72
2020-12-28,ASI,"6704.89","1379070790","59941382","16660",19.25,0.28,"25746870","102368559",S,"-76621689","2930323446857",11.13,80.63
2020-12-30,ASI,"6748.01","3753926610","146279605","22634",43.12,0.64,"62218714","215566836",S,"-153348123","2949169173074",11.20,82.52
2020-12-31,ASI,"6774.22","2998424335","187066142","21686",26.21,0.38,"38221832","110501185",S,"-72279354","2960648056916",11.25,83.57
2021-01-04,ASI,"6894.98","4969981738","380199333","34093",120.76,1.78,"42445124","321730816",S,"-279285693","3013426581096",11.45,87.34
2021-01-05,ASI,"6978.86","6188199690","434674945","39951",83.88,1.21,"104942564","369543822",S,"-264601259","3050085181583",11.60,89.19
2021-01-06,ASI,"7036.76","7156527846","760072377","39627",57.90,0.82,"246086968","346597144",S,"-100510176","3076023403092",11.69,90.25
2021-01-07,ASI,"7097.84","9140001329","1035470606","43975",61.08,0.86,"77606010","374707961",S,"-297101951","3102721666241",11.79,91.23
2021-01-08,ASI,"7119.53","6169578388","612340413","32443",21.69,0.30,"92542300","115702527",S,"-23160226","3112202355705",11.84,91.56
2021-01-11,ASI,"7203.63","7759388565","504307043","39330",84.10,1.18,"311975774","494691529",S,"-182715755","3148965505828",11.98,92.69
2021-01-12,ASI,"7282.24","8585947058","544960686","47025",78.61,1.09,"162284525","221039289",S,"-58754764","3183329357730",12.11,93.55
2021-01-13,ASI,"7443.23","9061315306","401097536","52559",160.99,2.21,"251237726","446614578",S,"-195376852","3253704410592",12.38,94.89
2021-01-15,ASI,"7734.57","12462331936","433454573","61722",291.34,3.91,"122115153","300236759",S,"-178121606","3381077695049",12.86,96.36
2021-01-18,ASI,"7922.66","12183005484","506316451","67153",188.09,2.43,"249096385","372266954",S,"-123170569","3463295749065",13.18,96.97
2021-01-19,ASI,"7808.97","11417239086","690058486","64655",-113.69,-1.43,"321728652","857591478",S,"-535862826","3413602210625",12.99,87.47
2021-01-20,ASI,"7884.45","9370172153","287957121","49876",75.48,0.96,"124547654","774191933",S,"-649644279","3446596841979",13.11,88.29
2021-01-21,ASI,"8131.25","14202424465","377652229","67831",246.80,3.13,"135270762","601378339",S,"-466107577","3554485108682",13.52,90.48
2021-01-22,ASI,"8463.43","12848534999","590369415","67846",332.18,4.08,"238449556","821187677",S,"-582738122","3699692269341",14.08,92.52
2021-01-25,ASI,"8694.35","14990056385","995565572","69332",230.92,2.72,"220074467","974122640",S,"-754048173","3800635251682",14.46,93.55
2021-01-26,ASI,"8665.82","11436930968","828665738","58200",-28.53,-0.32,"252397063","442740420",S,"-190343357","3788165229061",14.40,91.86
2021-01-27,ASI,"8812.01","14409654808","497394824","63717",146.19,1.68,"258939068","1559324051",S,"-1300384983","3852069453111",14.65,92.60
2021-01-29,ASI,"8668.07","13418394223","335958351","63622",-143.94,-1.63,"255944448","2585484843",S,"-2329540395","3789151267731",14.41,84.50
2021-02-01,ASI,"8567.07","23752906989","2068086073","43238",-101.00,-1.16,"149626332","532097821",S,"-382471489","3744996587666",14.21,79.26
2021-02-02,ASI,"8005.32","6931104990","232825323","44331",-561.75,-6.55,"137273468","316354498",S,"-179081031","3499564685904",13.37,57.80
2021-02-03,ASI,"8244.50","6224360125","182511977","41154",239.18,2.98,"108454052","393564578",S,"-285110527","3604123698530",13.71,62.46
2021-02-05,ASI,"8275.37","5166753511","109959263","32518",30.87,0.37,"59668214","694192091",S,"-634523877","3617618732160",14.08,63.03
2021-02-08,ASI,"8113.26","4799415846","142751894","34856",-162.11,-1.95,"139339349","444004187",S,"-304664838","3546752420326",14.09,58.07
2021-02-09,ASI,"7963.77","4946079476","128822278","32994",-149.49,-1.84,"649218680","659864866",S,"-10646186","3481431301033",14.05,53.85
2021-02-10,ASI,"7732.43","5122230664","171077079","35578",-231.34,-2.90,"392955158","728088525",S,"-335133366","3380299134280",13.64,48.04
2021-02-11,ASI,"7597.81","4383341435","198027639","37577",-134.62,-1.74,"153807136","122706413",B,"31100723","3321978715895",13.41,45.00
2021-02-12,ASI,"7985.00","5170530425","184789528","36214",387.19,5.09,"60722384","750870664",S,"-690148280","3491269076905",14.14,54.02
2021-02-15,ASI,"7907.27","6010492573","134488521","34989",-77.73,-0.97,"108561617","213159577",S,"-104597960","3457286564175",14.03,52.17
2021-02-16,ASI,"7580.91","4277338090","117417828","35275",-326.36,-4.12,"162864294","371827096",S,"-208962802","3314595849471",13.45,45.18
2021-02-17,ASI,"7588.34","3311369703","113714208","27458",7.43,0.09,"41209379","201134197",S,"-159924818","3317850545802",13.44,45.36
2021-02-18,ASI,"7736.36","3349484826","123526769","24772",148.02,1.95,"80731180","203813872",S,"-123082692","3382567449998",13.61,48.95
2021-02-19,ASI,"7797.94","3488940649","199501824","23945",61.58,0.79,"44892882","329219064",S,"-284326182","3410309837550",13.72,50.40
2021-02-22,ASI,"7597.51","2348692305","130355105","23559",-200.43,-2.57,"80064940","37726836",B,"42338104","3322654572511",13.37,45.81
2021-02-23,ASI,"7329.21","2830115627","134413695","30473",-268.30,-3.53,"69699187","266584535",S,"-196885348","3205084690098",12.89,40.50
2021-02-24,ASI,"7371.86","2620086310","75740751","17888",42.65,0.58,"31249386","412161775",S,"-380912389","3223736457106",12.99,41.66
2021-02-25,ASI,"7476.34","3006492139","100956873","18270",104.48,1.41,"101397169","854738911",S,"-753341742","3269427205151",13.17,44.51
2021-03-01,ASI,"7438.13","1899677036","57858629","14364",-38.21,-0.51,"601083470","654597721",S,"-53514251","3252716262000",13.00,43.67
2021-03-02,ASI,"7343.38","1989222636","66698451","16516",-94.75,-1.27,"92262451","791124727",S,"-698862276","3211282219543",12.84,41.57
2021-03-03,ASI,"7193.09","2431847520","141035695","23400",-150.29,-2.04,"420636645","418128349",B,"2508296","3145570974455",12.58,38.42
2021-03-04,ASI,"7002.04","3005033742","133756706","23097",-191.05,-2.65,"421384400","443082923",S,"-21698523","3062025043071",12.24,34.81
2021-03-05,ASI,"7054.49","2075146875","76962695","18982",52.45,0.74,"88669687","361420830",S,"-272751143","3084968124082",12.33,36.57
2021-03-08,ASI,"7318.43","2704245413","92400552","23811",263.94,3.74,"90534477","351633085",S,"-261098609","3200392221671",12.94,44.68
2021-03-09,ASI,"7296.88","2779945311","143888071","26257",-21.55,-0.29,"51734340","185009748",S,"-133275408","3190971484975",12.91,44.18
2021-03-10,ASI,"7212.66","655814618","31432178","10548",-84.22,-1.15,"34517612","18444845",B,"16072766","3154146130544",12.90,42.21
2021-03-12,ASI,"7247.48","1026365863","29322436","10856",34.82,0.48,"39579303","216614200",S,"-177034897","3169370948058",12.96,43.33
2021-03-15,ASI,"7160.41","812447870","31507275","10454",-87.07,-1.20,"73530895","140093799",S,"-66562905","3131296302245",12.80,41.17
2021-03-16,ASI,"7119.70","1227404994","83229179","14970",-40.71,-0.56,"58425659","101284193",S,"-42858533","3113500323065",12.73,40.16
2021-03-17,ASI,"7044.56","853065170","38855643","10270",-75.14,-1.05,"43816117","192564266",S,"-148748150","3080641200536",12.67,38.29
2021-03-18,ASI,"6930.76","1297475335","65392090","14694",-113.80,-1.61,"172168610","208824143",S,"-36655534","3027748138079",12.86,35.60
2021-03-19,ASI,"6854.32","1378472098","52150189","14826",-76.44,-1.10,"25365270","292741038",S,"-267375769","2994355317734",12.82,33.87
2021-03-22,ASI,"6966.71","757640551","41921475","11060",112.39,1.63,"7156312","128363257",S,"-121206946","3043451523495",13.09,38.59
2021-03-23,ASI,"6979.29","972900146","29670900","10667",12.58,0.18,"314129441","196049979",B,"118079461","3048958298616",13.22,39.11
2021-03-24,ASI,"7135.84","1558227250","67408154","18024",156.55,2.24,"10462038","337121599",S,"-326659561","3117252206060",13.72,45.35
2021-03-25,ASI,"7099.13","1494771784","114196812","15940",-36.71,-0.51,"29921831","123970333",S,"-94048502","3101218913967",13.69,44.21
2021-03-26,ASI,"7097.39","1610407778","65962555","9721",-1.74,-0.02,"28193401","158996010",S,"-130802609","3100454844919",13.99,44.15
2021-03-29,ASI,"7127.69","2187349922","58140200","12005",30.30,0.42,"34174501","1355107275",S,"-1320932774","3113691267916",14.00,45.47
2021-03-30,ASI,"7115.12","7449504409","619011539","10855",-12.57,-0.17,"6240534360","6377653236",S,"-137118876","3108568247419",14.88,44.99
2021-03-31,ASI,"7121.28","777890612","45137867","10136",6.16,0.08,"47688381","84586914",S,"-36898534","3111259455576",14.98,45.29
2021-04-01,ASI,"7193.28","1543359224","86331027","14374",72.00,1.01,"14507246","387192851",S,"-372685606","3142714718542",14.98,48.82
2021-04-05,ASI,"7217.83","2097833003","77556938","19122",24.55,0.34,"294188411","638035059",S,"-343846649","3153443000231",15.21,50.00
2021-04-06,ASI,"7280.27","2483620667","69177253","23282",62.44,0.86,"42433607","231340382",S,"-188906774","3180737071583",15.12,52.97
2021-04-07,ASI,"7310.26","5164892664","97746198","25816",29.99,0.41,"65958239","187508029",S,"-121549790","3193838717653",15.16,54.37
2021-04-08,ASI,"7412.46","3915522716","150560722","21825",102.20,1.39,"35930013","350963107",S,"-315033094","3238491028532",15.21,58.88
2021-04-09,ASI,"7458.27","3607071058","169242225","25644",45.81,0.61,"35314138","562723205",S,"-527409068","3258603306310",15.10,60.75
2021-04-12,ASI,"7558.28","3514086420","87865745","24105",100.01,1.34,"31710544","538962766",S,"-507252222","3310416464047",15.34,64.54
2021-04-15,ASI,"7644.38","4717991554","197319740","30739",86.10,1.13,"182098522","445721554",S,"-263623032","3348129115211",15.51,67.46
2021-04-16,ASI,"7600.57","3557651697","142866727","25682",-43.81,-0.57,"19372300","127774378",S,"-108402078","3328938646152",15.18,64.55
2021-04-19,ASI,"7553.50","2982779792","126769248","20117",-47.07,-0.61,"130704026","319255161",S,"-188551136","3308326723865",15.21,61.48
2021-04-20,ASI,"7355.11","3691898728","197066707","31370",-198.39,-2.62,"78142709","166762430",S,"-88619721","3221515920045",14.81,50.58
2021-04-21,ASI,"7433.44","2957897449","128809942","18475",78.33,1.06,"61697599","149037468",S,"-87339869","3255823587234",15.01,54.04
2021-04-22,ASI,"7327.91","2609146080","139317549","20141",-105.53,-1.41,"582999157","170173291",B,"412825866","3230905437727",14.89,49.05
2021-04-23,ASI,"7232.65","2366874758","103857037","23930",-95.26,-1.29,"125355329","155955294",S,"-30599966","3188907649532",14.70,45.01
2021-04-27,ASI,"7066.70","1948753866","105693956","26623",-165.95,-2.29,"56537669","35011884",B,"21525785","3115737096634",14.34,38.98
2021-04-28,ASI,"7239.94","2171885148","107301858","21838",173.24,2.45,"48884292","109689600",S,"-60805308","3192121944857",14.62,46.96
2021-04-29,ASI,"7216.70","2520771823","100138493","15265",-23.24,-0.32,"63022584","839061392",S,"-776038807","3182548903701",14.57,46.09
2021-04-30,ASI,"7208.20","1144358989","42351894","8324",-8.50,-0.11,"212816625","439248774",S,"-226432149","3178799956836",14.56,45.76
2021-05-03,ASI,"7215.60","2602306369","209536476","20727",7.40,0.10,"43246288","277364131",S,"-234117843","3182064783156",14.57,46.13
2021-05-04,ASI,"7111.45","3019782331","195466605","17904",-104.15,-1.44,"57493237","858408824",S,"-800915588","3136480053825",14.36,41.84
2021-05-05,ASI,"7145.97","890294189","74225327","10682",34.52,0.48,"70609743","127019669",S,"-56409926","3151703990717",14.43,43.71
2021-05-06,ASI,"7188.09","1248630472","85224223","13194",42.12,0.58,"55625876","110336466",S,"-54710590","3170281507706",14.52,45.98
2021-05-07,ASI,"7242.00","2783668367","124756594","17536",53.91,0.74,"80818988","996042205",S,"-915223217","3194058894392",14.35,48.84
2021-05-10,ASI,"7135.80","2474386839","153299706","18649",-106.20,-1.46,"164026478","877337014",S,"-713310535","3149638178296",14.10,43.92
2021-05-11,ASI,"7143.38","1167831481","84251556","11376",7.58,0.10,"35734206","239199305",S,"-203465100","3151883728597",13.89,44.35
2021-05-12,ASI,"7161.77","1593821686","94617003","13733",18.39,0.25,"193248438","312266675",S,"-119018237","3159999100063",13.80,45.44
2021-05-13,ASI,"7228.23","1279238025","61404550","13446",66.46,0.92,"95355154","131124365",S,"-35769211","3189321293909",13.87,49.33
2021-05-17,ASI,"7350.14","2737006397","147832778","22215",121.91,1.68,"78784186","108352232",S,"-29568045","3243114112512",14.11,55.57
2021-05-18,ASI,"7355.14","2667928691","139829463","22057",5.00,0.06,"698682131","511916744",B,"186765388","3245545223643",14.12,55.81
2021-05-19,ASI,"7341.03","2321688520","143653492","23490",-14.11,-0.19,"26513693","90392144",S,"-63878450","3239317060748",14.09,54.91
2021-05-20,ASI,"7293.59","1306221113","116873271","16508",-47.44,-0.64,"118127191","138885423",S,"-20758232","3218382821585",14.00,51.87
2021-05-21,ASI,"7220.72","2288515854","234727854","22495",-72.87,-0.99,"159555671","199326129",S,"-39770458","3186230550672",13.86,47.51
2021-05-24,ASI,"7233.58","1325924807","101034246","17607",12.86,0.17,"55735186","107058465",S,"-51323279","3191905712654",13.89,48.34
2021-05-25,ASI,"7278.24","1087903924","51290683","13952",44.66,0.61,"118347069","173222741",S,"-54875672","3211609562316",13.97,51.20
2021-05-28,ASI,"7333.42","2890982201","147658728","24507",55.18,0.75,"401695765","685090833",S,"-283395068","3237365202895",14.08,54.56
2021-05-31,ASI,"7403.44","3337673754","119554597","32980",70.02,0.95,"72828687","425584863",S,"-352756176","3268274641373",14.22,58.46
2021-06-01,ASI,"7450.54","2910798906","110885653","28663",47.10,0.63,"95028281","137779326",S,"-42751045","3289366983505",14.31,60.89
2021-06-02,ASI,"7436.55","2138594999","75684175","24578",-13.99,-0.18,"40794459","56299789",S,"-15505330","3283188539453",13.67,59.77
2021-06-03,ASI,"7516.20","2826666634","82094398","29927",79.65,1.07,"40280549","266348737",S,"-226068188","3318354031414",13.82,63.84
2021-06-04,ASI,"7567.38","3158055824","96265262","27310",51.18,0.68,"182202650","329653195",S,"-147450544","3340951478148",13.85,66.21
2021-06-07,ASI,"7591.90","2103270998","114908810","26466",24.52,0.32,"21639763","108397710",S,"-86757947","3351777196624",13.76,67.32
2021-06-08,ASI,"7542.20","2000945110","97890379","29501",-49.70,-0.65,"48105448","70883211",S,"-22777763","3339519609141",13.57,62.83
2021-06-09,ASI,"7564.26","1477884474","83997866","19822",22.06,0.29,"78068532","56689730",B,"21378802","3349288918160",13.72,63.98
2021-06-10,ASI,"7601.16","3227216881","140885184","25935",36.90,0.48,"159080197","705299005",S,"-546218808","3365627305842",13.78,65.88
2021-06-11,ASI,"7610.30","2278218739","103808845","24140",9.14,0.12,"78085576","170379536",S,"-92293960","3369675729661",13.80,66.35
2021-06-14,ASI,"7582.27","1361653814","68976853","18709",-28.03,-0.36,"46385139","102604462",S,"-56219323","3357264359656",11.65,63.45
2021-06-15,ASI,"7605.53","1745030248","67967944","17816",23.26,0.30,"41032394","42980991",S,"-1948597","3367563668244",7.36,64.82
2021-06-16,ASI,"7641.19","2714642190","88244371","21257",35.66,0.46,"347861468","503432650",S,"-155571182","3383353216474",7.29,66.88
2021-06-17,ASI,"7659.00","3955091364","165934266","20888",17.81,0.23,"684885182","52316716",B,"632568466","3391492539923",7.92,67.89
2021-06-18,ASI,"7715.46","2330677047","73917315","21564",56.46,0.73,"37488924","99751305",S,"-62262381","3416491569030",8.13,70.92
2021-06-21,ASI,"7726.73","1954495471","62496293","19158",11.27,0.14,"410646070","399541148",B,"11104922","3421484169944",8.14,71.50
2021-06-22,ASI,"7743.71","1937505922","67660408","24698",16.98,0.21,"7443030","240738169",S,"-233295139","3428595944447",8.16,72.38
2021-06-23,ASI,"7742.14","1551635402","62235193","19767",-1.57,-0.02,"49825596","79717654",S,"-29892058","3427901841420",8.15,72.16
2021-06-25,ASI,"7809.15","1214144424","50055055","19161",67.01,0.86,"65467587","67072424",S,"-1604836","3457568793500",10.61,75.63
2021-06-28,ASI,"7877.84","1568003286","50830184","17632",68.69,0.87,"26977352","41945629",S,"-14968277","3487980779158",10.70,78.58
2021-06-29,ASI,"7856.64","2304122152","60603940","23276",-21.20,-0.26,"16003416","28006858",S,"-12003442","3478597548681",10.61,75.54
2021-06-30,ASI,"7837.76","1713974941","87149483","24131",-18.88,-0.24,"48723296","109721676",S,"-60998381","3470236104318",10.59,72.84
2021-07-01,ASI,"7728.61","1420110509","73647199","15689",-109.15,-1.39,"20622204","63207110",S,"-42584906","3421907050089",10.44,59.58
2021-07-02,ASI,"7746.56","1777784196","53021627","16090",17.95,0.23,"99454274","505894213",S,"-406439939","3429855536660",10.46,60.84
2021-07-05,ASI,"7794.21","1418422864","43700637","14515",47.65,0.61,"597665829","610161362",S,"-12495534","3450952599893",10.52,64.05
2021-07-06,ASI,"7792.21","1353174153","63473578","18051",-2.00,-0.02,"24598267","235213478",S,"-210615210","3450069712951",10.52,63.81
2021-07-07,ASI,"7809.38","1355642045","55890378","14783",17.17,0.22,"31034999","367235495",S,"-336200497","3457672571602",10.54,65.01
2021-07-08,ASI,"7811.61","1241967601","48730395","13295",2.23,0.02,"234606738","467635389",S,"-233028651","3458659227316",10.55,65.17
2021-07-09,ASI,"7852.19","3448919381","446939571","17357",40.58,0.51,"152446019","935704779",S,"-783258760","3476628106438",10.60,68.05
2021-07-12,ASI,"7866.47","2262989087","120811913","19742",14.28,0.18,"75573472","726583614",S,"-651010142","3482556446256",10.62,69.02
2021-07-13,ASI,"7913.47","1930362767","122783942","21076",47.00,0.59,"24653066","232308485",S,"-207655419","3503361318102",10.68,72.03
2021-07-14,ASI,"7939.35","2051320408","126635132","18829",25.88,0.32,"39577098","623100110",S,"-583523012","3514817871088",10.72,73.55
2021-07-15,ASI,"7986.45","1936712408","114223827","23791",47.10,0.59,"114088330","103664640",B,"10423689","3538428540565",10.79,76.10
2021-07-16,ASI,"7966.95","3078656098","219107616","24880",-19.50,-0.24,"11473384","1132882114",S,"-1121408730","3529789844656",10.76,72.97
2021-07-19,ASI,"8022.55","6223776938","439042497","33928",55.60,0.69,"14337028","1021645674",S,"-1007308646","3554422679529",10.85,76.00
2021-07-20,ASI,"8068.33","4885333806","310162858","34731",45.78,0.57,"48600367","491277614",S,"-442677247","3575500643066",10.92,78.18
2021-07-22,ASI,"8136.76","5666778413","285794466","37462",68.43,0.84,"30625367","573499802",S,"-542874434","3605822354476",11.00,80.96
2021-07-26,ASI,"8122.73","4600535430","153156210","30257",-14.03,-0.17,"288909857","1469149896",S,"-1180240039","3599604914884",10.95,78.74
2021-07-27,ASI,"8092.98","2313787734","146608843","22612",-29.75,-0.36,"59257976","142290958",S,"-83032982","3586424077541",10.86,74.12
2021-07-28,ASI,"8096.98","1806549565","75127935","21055",4.00,0.04,"44900563","129142245",S,"-84241683","3588194912217",10.86,74.33
2021-07-29,ASI,"8140.76","2493198423","142315174","27431",43.78,0.54,"72025182","213608989",S,"-141583807","3607596450645",10.78,76.66
2021-07-30,ASI,"8120.48","2547298769","108582799","25575",-20.28,-0.24,"69027640","173818411",S,"-104790771","3598612541536",10.49,73.35
2021-08-02,ASI,"8148.02","4094529836","311260653","29998",27.54,0.33,"99409863","353001620",S,"-253591757","3610814663664",10.52,74.93
2021-08-03,ASI,"8222.55","6647536850","282302176","38325",74.53,0.91,"136594809","627510543",S,"-490915734","3643841603369",10.58,78.63
2021-08-04,ASI,"8210.31","5682217109","245005814","34710",-12.24,-0.14,"77891853","344556854",S,"-266665000","3638416928654",10.55,76.63
2021-08-05,ASI,"8011.94","5066969917","242676712","38392",-198.37,-2.41,"66745669","48330187",B,"18415481","3550512328715",10.29,53.07
2021-08-06,ASI,"8099.12","4079155355","182177119","26119",87.18,1.08,"65202413","56101138",B,"9101275","3589145704284",10.31,59.03
2021-08-09,ASI,"8101.39","3884588247","187661634","31604",2.27,0.02,"45159000","20032291",B,"25126709","3590152264546",10.31,59.18
2021-08-10,ASI,"8070.88","4730699300","186575712","40526",-30.51,-0.37,"84818570","43207038",B,"41611532","3576631980269",10.24,56.28
2021-08-11,ASI,"8095.57","2912687581","121367070","24690",24.69,0.30,"31947261","983596799",S,"-951649538","3587570061634",10.17,58.07
2021-08-12,ASI,"7980.91","4136249268","208382610","37806",-114.66,-1.41,"105954472","485336246",S,"-379381774","3550346480321",10.06,48.22
2021-08-13,ASI,"7996.04","2321264325","162715446","31158",15.13,0.18,"21236441","42754683",S,"-21518242","3557075704377",10.15,49.44
2021-08-16,ASI,"7937.28","834432440","56392865","12003",-58.76,-0.73,"18337837","19309134",S,"-971297","3530936381375",10.08,45.01
2021-08-17,ASI,"8134.52","2907980105","158544114","27727",197.24,2.48,"90361183","122637920",S,"-32276737","3618677810263",9.84,58.46
2021-08-18,ASI,"8342.85","6378044898","289190879","48488",208.33,2.56,"86439749","59849236",B,"26590513","3711355399951",10.22,67.51
2021-08-19,ASI,"8260.08","5459660070","310911111","45884",-82.77,-0.99,"58138388","33222160",B,"24916228","3676754485253",9.99,61.75
2021-08-20,ASI,"8240.06","5605664231","225382556","39050",-20.02,-0.24,"396953606","771146058",S,"-374192452","3667842309780",9.96,60.41
2021-08-23,ASI,"8479.65","10802388407","398733609","65030",239.59,2.90,"139855544","154506169",S,"-14650625","3774488352015",10.28,69.07
2021-08-24,ASI,"8667.95","9958411941","421435914","61990",188.30,2.22,"53086751","296581271",S,"-243494520","3858305406240",10.51,73.90
2021-08-25,ASI,"8756.63","7303741203","287853372","55789",88.68,1.02,"36527180","153411719",S,"-116884539","3901529952180",10.63,75.82
2021-08-26,ASI,"8920.71","10498120951","285411500","63819",164.08,1.87,"120896151","359687943",S,"-238791792","3974633937472",10.81,78.90
2021-08-27,ASI,"8931.33","16487100682","648612203","79581",10.62,0.11,"129751504","117363937",B,"12387567","3979928519556",10.83,79.09
2021-08-30,ASI,"8894.44","12852998480","650167852","67543",-36.89,-0.41,"95323545","223250287",S,"-127926742","3963488993196",10.78,76.56
2021-08-31,ASI,"8997.60","10865807823","328880491","50843",103.16,1.15,"135088247","131559544",B,"3528703","4009459383536",10.91,78.62
2021-09-01,ASI,"9163.13","14614227221","484165789","67379",165.53,1.83,"117797522","966691097",S,"-848893575","4083218359502",11.11,81.43
2021-09-02,ASI,"9335.98","12032511573","462506644","66862",172.85,1.88,"83137561","939283059",S,"-856145498","4160245957290",11.32,83.83
2021-09-03,ASI,"9316.65","9387951726","639859111","57193",-19.33,-0.20,"59106843","1608328756",S,"-1549221913","4151629941045",11.29,82.54
2021-09-06,ASI,"9227.88","7733710800","874370123","48163",-88.77,-0.95,"476340078","858536604",S,"-382196526","4112034771464",11.19,76.74
2021-09-07,ASI,"9092.74","8665264531","504825054","46219",-135.14,-1.46,"25319104","115138538",S,"-89819434","4051814502610",11.02,68.81
2021-09-08,ASI,"8764.21","10439533040","489716232","62036",-328.53,-3.61,"69175316","314096395",S,"-244921079","3905418383378",10.62,54.16
2021-09-09,ASI,"8986.40","5793725009","265308384","36271",222.19,2.53,"410666910","305956858",B,"104710052","4004427890324",10.89,60.31
2021-09-10,ASI,"8865.30","6914929155","248629520","36417",-121.10,-1.34,"80994967","132333118",S,"-51338151","3950466259029",10.75,55.91
2021-09-13,ASI,"8536.88","6763510569","228155482","38665",-328.42,-3.70,"38881170","735829759",S,"-696948589","3804118382279",10.35,46.08
2021-09-14,ASI,"8692.60","3589271412","148747418","25287",155.72,1.82,"168888387","218972428",S,"-50084041","3873506214695",10.54,50.52
2021-09-15,ASI,"8931.21","5496869361","293296727","33653",238.61,2.74,"40459051","52429614",S,"-11970563","3979834894057",10.83,56.44
2021-09-16,ASI,"8848.04","3956871200","215504899","29324",-83.17,-0.93,"23551829","17219727",B,"6332102","3942772225134",10.73,54.01
2021-09-17,ASI,"8801.95","3801149413","153155312","24577",-46.09,-0.52,"91161318","596010362",S,"-504849044","3922233286319",10.67,52.66
2021-09-21,ASI,"8770.39","1708024456","106650895","20040",-31.56,-0.35,"27015158","28080662",S,"-1065504","3908173089791",10.63,51.71
2021-09-22,ASI,"8788.05","2560027447","88711728","18850",17.66,0.20,"520462192","599753676",S,"-79291484","3916040909517",10.65,52.23
2021-09-23,ASI,"8830.35","2023515705","100186292","18222",42.30,0.48,"30919814","63105724",S,"-32185910","3934889061242",10.70,53.53
2021-09-24,ASI,"8940.11","2906484409","135159190","22050",109.76,1.24,"71283699","117472496",S,"-46188797","3983802957126",10.84,56.80
2021-09-27,ASI,"9269.65","6774922221","202757040","38435",329.54,3.68,"41908506","764467650",S,"-722559144","4130834254587",11.24,64.81
2021-09-28,ASI,"9339.28","6662344055","263588210","39024",69.63,0.75,"21648811","317703341",S,"-296054530","4161863495352",11.32,66.23
2021-09-29,ASI,"9433.77","5959629184","238448133","35475",94.49,1.01,"17020372","41516032",S,"-24495660","4203970409756",11.44,68.12
2021-09-30,ASI,"9459.94","6942352969","284457887","40064",26.17,0.27,"50256365","577237151",S,"-526980786","4215633662962",11.47,68.64
2021-10-01,ASI,"9442.30","5280066119","519971747","43638",-17.64,-0.18,"29255711","22446709",B,"6809002","4207680152795",11.45,67.83
2021-10-04,ASI,"9542.33","3620018430","228354902","33423",100.03,1.05,"8660028","60878541",S,"-52218513","4252258328056",11.57,69.99
2021-10-05,ASI,"9533.64","4715589946","294090823","40176",-8.69,-0.09,"127430130","174812875",S,"-47382745","4248386047970",11.56,69.55
2021-10-06,ASI,"9626.45","4109438305","296681468","40576",92.81,0.97,"34705293","135925475",S,"-101220182","4289745266683",11.67,71.59
2021-10-07,ASI,"9671.00","3497337125","239041459","35338",44.55,0.46,"21315960","88299571",S,"-66983611","4309597648432",11.72,72.54
2021-10-08,ASI,"9678.89","3046418957","177668394","28519",7.89,0.08,"16956513","44254322",S,"-27297809","4313115349163",11.73,72.71
2021-10-11,ASI,"9649.26","2577184158","115419209","31045",-29.63,-0.30,"40750157","149034456",S,"-108284299","4299910607785",11.70,70.90
2021-10-12,ASI,"9640.36","2059741087","98499182","23975",-8.90,-0.09,"16427140","44556347",S,"-28129207","4295946205579",11.69,70.33
2021-10-13,ASI,"9497.49","3388326324","146832185","26980",-142.87,-1.48,"42358492","23870996",B,"18487496","4232278187800",11.51,61.77
2021-10-14,ASI,"9621.65","2648536008","105385915","19787",124.16,1.30,"21848479","27964902",S,"-6116423","4287607846623",11.66,65.68
2021-10-15,ASI,"9623.81","3481281096","142823186","24863",2.16,0.02,"38391908","37244672",B,"1147236","4288569841762",11.67,65.75
2021-10-18,ASI,"9709.14","2746858586","159879454","27397",85.33,0.88,"32623169","227629999",S,"-195006830","4326594377704",11.77,68.32
2021-10-21,ASI,"9881.50","4268523874","154466697","36143",172.36,1.77,"84378515","43315090",B,"41063425","4403400815238",11.98,72.77
2021-10-22,ASI,"9915.22","4462559936","149483492","38383",33.72,0.34,"63411588","171922731",S,"-108511143","4418429160217",12.02,73.56
2021-10-25,ASI,"10046.80","6853653098","235936215","42945",131.58,1.32,"72281589","106101809",S,"-33820220","4477061040284",12.18,76.41
2021-10-26,ASI,"10127.04","6717037159","272308822","47228",80.24,0.79,"68857163","138257048",S,"-69399885","4512825411991",12.28,77.97
2021-10-27,ASI,"10146.90","5084127534","194505418","37228",19.86,0.19,"149159023","303698608",S,"-154539585","4521673519759",12.30,78.35
2021-10-28,ASI,"10137.85","4184761916","142356908","33289",-9.05,-0.08,"40761764","129365432",S,"-88603668","4518114945481",12.29,77.69
2021-10-29,ASI,"10162.93","4935699500","121268464","35082",25.08,0.24,"29107041","432252842",S,"-403145801","4529292511157",12.32,78.24
2021-11-01,ASI,"10132.12","3701231028","96499841","32239",-30.81,-0.30,"157012907","109870157",B,"47142750","4515562421593",12.28,75.78
2021-11-02,ASI,"10271.71","4422106297","117559979","34848",139.59,1.37,"46444060","587539039",S,"-541094979","4577773133570",12.45,79.00
2021-11-03,ASI,"10412.02","6106854821","188346405","42936",140.31,1.36,"54195184","75816333",S,"-21621149","4640305121991",12.62,81.64
2021-11-05,ASI,"10632.21","5604814542","212049476","47660",220.19,2.11,"70549454","152551768",S,"-82002314","4738438165890",12.89,84.86
2021-11-08,ASI,"10621.40","8265608833","375285682","59942",-10.81,-0.10,"74658393","112885702",S,"-38227309","4733619782020",12.88,84.08
2021-11-09,ASI,"10361.80","12215424128","673084271","79620",-259.60,-2.44,"124449066","76536558",B,"47912508","4617923528359",12.56,67.94
2021-11-10,ASI,"10522.60","5717395039","364023188","58090",160.80,1.55,"56294483","28126711",B,"28167772","4692432671336",12.76,71.58
2021-11-11,ASI,"10686.37","6883044761","347531079","56443",163.77,1.55,"74749305","85127040",S,"-10377735","4765982227196",12.96,74.73
2021-11-12,ASI,"10666.54","5155979208","212847922","40861",-19.83,-0.18,"42300338","81017745",S,"-38717407","4757136560815",12.94,73.66
2021-11-15,ASI,"10752.82","6912683509","316085500","54425",86.28,0.80,"79995267","136685973",S,"-56690706","4795617313443",13.05,75.31
2021-11-16,ASI,"11008.33","10272520432","538759879","67667",255.51,2.37,"188373725","300281194",S,"-111907469","4912805202599",13.36,79.41
2021-11-17,ASI,"11024.89","10254788457","384566060","60594",16.56,0.15,"170520667","939216272",S,"-768695605","4920196142112",13.38,79.65
2021-11-19,ASI,"10658.72","9393797864","322260651","63548",-366.17,-3.32,"125361711","626093357",S,"-500731646","4756782226261",12.94,62.56
2021-11-22,ASI,"10817.24","6154934439","223972805","40728",158.52,1.48,"59798314","113035827",S,"-53237513","4827527015706",13.13,65.97
2021-11-23,ASI,"10928.60","6617868456","216219137","48346",111.36,1.02,"61738935","217725318",S,"-155986383","4877263392099",13.27,68.16
2021-11-24,ASI,"10910.06","7560644987","316842320","54785",-18.54,-0.16,"57225408","161340322",S,"-104114914","4868986763552",13.24,67.38
2021-11-25,ASI,"11025.73","9980315103","459283763","62221",115.67,1.06,"88252119","1022345695",S,"-934093576","4920611613911",13.39,69.70
2021-11-26,ASI,"11197.68","9145264648","335149218","59064",171.95,1.55,"114684893","392542875",S,"-277857982","4997347366743",13.59,72.80
2021-11-29,ASI,"11202.09","8970844452","343288266","65135",4.41,0.03,"97592997","109941289",S,"-12348292","4999318571635",13.60,72.88
2021-11-30,ASI,"11440.53","10054526815","350235801","62630",238.44,2.12,"383600242","797861482",S,"-414261240","5105730628701",13.89,76.70
2021-12-01,ASI,"11409.88","11075225300","402005629","68707",-30.65,-0.26,"98381362","153938099",S,"-55556737","5092049337772",13.66,75.23
2021-12-02,ASI,"11252.30","6479501247","252378050","49483",-157.58,-1.38,"175160067","24936937",B,"150223130","5021726069535",13.50,68.02
2021-12-03,ASI,"10988.32","7082189526","305792439","45715",-263.98,-2.34,"86690178","79765006",B,"6925172","4903913991637",13.26,58.00
2021-12-06,ASI,"11034.41","6735325724","252972733","40045",46.09,0.41,"60429777","37114897",B,"23314880","4924486146285",13.05,59.13
