Date,WIZZL,RYAAY,TSLA,NVDA
2016-11-29,1693.0,82.33999633789062,37.91400146484375,23.012042999267578
2016-11-30,1676.0,79.83999633789062,37.880001068115234,22.752927780151367
2016-12-01,1737.0,80.26000213623047,36.375999450683594,21.62761688232422
2016-12-02,1753.0,80.66999816894531,36.29399871826172,21.827512741088867
2016-12-05,1762.0,82.12999725341797,37.36000061035156,22.673954010009766
2016-12-06,1807.0,82.12999725341797,37.16999816894531,23.04659080505371
2016-12-07,1826.0,83.01000213623047,38.630001068115234,23.4611759185791
2016-12-08,1880.0,84.72000122070312,38.45800018310547,23.06879997253418
2016-12-09,1850.0,84.26000213623047,38.43600082397461,22.659147262573242
2016-12-12,1823.0,84.18000030517578,38.486000061035156,22.108835220336914
2016-12-13,1849.0,84.80999755859375,39.630001068115234,22.498746871948242
2016-12-14,1836.0,83.2300033569336,39.737998962402344,23.80173110961914
2016-12-15,1868.0,83.4800033569336,39.51599884033203,24.359451293945312
2016-12-16,1855.0,83.83999633789062,40.49800109863281,24.778974533081055
2016-12-19,1824.0,83.08000183105469,40.54600143432617,25.08004379272461
2016-12-20,1813.0,83.29000091552734,41.757999420166016,25.953638076782227
2016-12-21,1820.0,82.95999908447266,41.540000915527344,26.11650848388672
2016-12-22,1820.0,83.12999725341797,41.689998626708984,26.432384490966797
2016-12-23,1844.0,83.86000061035156,42.667999267578125,27.091278076171875
2016-12-28,1800.0,83.79000091552734,43.948001861572266,26.960493087768555
2016-12-29,1790.0,83.26000213623047,42.93600082397461,27.49846839904785
2016-12-30,1791.0,83.26000213623047,42.737998962402344,26.34107780456543
2017-01-03,1799.0,79.66999816894531,43.39799880981445,25.173816680908203
2017-01-04,1840.0,82.95999908447266,45.39799880981445,25.761144638061523
2017-01-05,1861.0,83.86000061035156,45.349998474121094,25.107187271118164
2017-01-06,1854.0,82.75,45.801998138427734,25.442806243896484
2017-01-09,1843.0,83.27999877929688,46.25600051879883,26.474336624145508
2017-01-10,1823.0,83.94999694824219,45.9739990234375,26.274446487426758
2017-01-11,1834.0,84.02999877929688,45.94599914550781,25.9511661529541
2017-01-12,1799.0,84.16999816894531,45.917999267578125,25.52671241760254
2017-01-13,1807.0,83.94999694824219,47.54999923706055,25.52424430847168
2017-01-16,1801.0,,,
2017-01-17,1839.0,84.54000091552734,47.11600112915039,24.95171546936035
2017-01-18,1822.0,84.27999877929688,47.672000885009766,25.405792236328125
2017-01-19,1825.0,84.47000122070312,48.75199890136719,25.9511661529541
2017-01-20,1824.0,84.5999984741211,48.94599914550781,25.66737174987793
2017-01-23,1820.0,84.58999633789062,49.784000396728516,25.93389320373535
2017-01-24,1806.0,84.20999908447266,50.922000885009766,26.486677169799805
2017-01-25,1822.0,84.23999786376953,50.89400100708008,26.600194931030273
2017-01-26,1829.0,84.41999816894531,50.50199890136719,27.059200286865234
2017-01-27,1844.0,84.4800033569336,50.59000015258789,27.58237075805664
2017-01-30,1830.0,83.51000213623047,50.125999450683594,27.1505069732666
2017-01-31,1781.0,83.66000366210938,50.38600158691406,26.94321632385254
2017-02-01,1616.0,85.66000366210938,49.847999572753906,28.12034797668457
2017-02-02,1560.0,84.94999694824219,50.310001373291016,28.475706100463867
2017-02-03,1613.0,85.6500015258789,50.26599884033203,28.22646141052246
2017-02-06,1593.0,81.66999816894531,51.55400085449219,28.949525833129883
2017-02-07,1578.0,80.44999694824219,51.49599838256836,29.398658752441406
2017-02-08,1570.0,80.69999694824219,52.41600036621094,29.27033805847168
2017-02-09,1581.0,82.12000274658203,53.84000015258789,28.72001838684082
2017-02-10,1571.0,82.16000366210938,53.84600067138672,28.038909912109375
2017-02-13,1613.0,83.22000122070312,56.119998931884766,26.745792388916016
2017-02-14,1633.0,82.70999908447266,56.19599914550781,26.844505310058594
2017-02-15,1645.0,83.11000061035156,55.95199966430664,26.89879608154297
2017-02-16,1662.0,83.0999984741211,53.790000915527344,26.466936111450195
2017-02-17,1706.0,82.97000122070312,54.44599914550781,26.46200180053711
2017-02-20,1668.0,,,
2017-02-21,1680.0,82.73999786376953,55.47800064086914,27.409626007080078
2017-02-22,1674.0,82.16000366210938,54.70199966430664,27.367626190185547
2017-02-23,1653.0,81.23999786376953,51.198001861572266,24.830018997192383
2017-02-24,1654.0,81.19999694824219,51.400001525878906,25.06968879699707
2017-02-27,1653.0,81.01000213623047,49.24599838256836,25.798603057861328
2017-02-28,1671.0,81.75,49.99800109863281,25.074630737304688
2017-03-01,1673.0,82.73999786376953,50.00400161743164,25.398319244384766
2017-03-02,1677.0,80.27999877929688,50.09600067138672,24.461851119995117
2017-03-03,1664.0,80.83000183105469,50.31399917602539,24.321006774902344
2017-03-06,1665.0,80.75,50.242000579833984,24.133220672607422
2017-03-07,1665.0,78.66000366210938,49.71799850463867,24.397605895996094
2017-03-08,1680.0,79.6500015258789,49.374000549316406,24.353130340576172
2017-03-09,1707.0,81.9000015258789,48.97999954223633,24.348186492919922
2017-03-10,1700.0,82.4000015258789,48.737998962402344,24.49150276184082
2017-03-13,1710.0,82.44000244140625,49.23400115966797,25.166051864624023
2017-03-14,1669.0,80.5999984741211,51.599998474121094,25.148759841918945
2017-03-15,1677.0,80.19999694824219,51.145999908447266,25.339017868041992
2017-03-16,1696.0,83.25,52.40999984741211,25.650348663330078
2017-03-17,1703.0,84.77999877929688,52.29999923706055,26.208768844604492
2017-03-20,1692.0,84.6500015258789,52.38399887084961,27.04393196105957
2017-03-21,1670.0,83.29000091552734,50.13600158691406,26.169240951538086
2017-03-22,1615.0,83.3499984741211,51.00199890136719,26.70294761657715
2017-03-23,1662.0,83.70999908447266,50.95600128173828,26.460803985595703
2017-03-24,1645.0,83.95999908447266,52.63199996948242,26.554697036743164
2017-03-27,1630.0,84.83000183105469,54.04399871826172,26.74742889404297
2017-03-28,1625.0,83.58000183105469,55.4900016784668,26.609058380126953
2017-03-29,1622.0,82.91999816894531,55.47600173950195,26.5225772857666
2017-03-30,1630.0,83.05999755859375,55.58399963378906,27.031583786010742
2017-03-31,1641.0,82.9800033569336,55.65999984741211,26.915447235107422
2017-04-03,1645.0,83.0999984741211,59.70399856567383,26.779544830322266
2017-04-04,1666.0,82.58999633789062,60.7400016784668,24.901668548583984
2017-04-05,1684.0,84.25,59.0,24.71634864807129
2017-04-06,1693.0,85.44999694824219,59.7400016784668,24.896730422973633
2017-04-07,1685.0,85.81999969482422,60.507999420166016,24.790477752685547
2017-04-10,1705.0,85.66000366210938,62.47800064086914,24.157928466796875
2017-04-11,1721.0,87.76000213623047,61.742000579833984,24.24441146850586
2017-04-12,1709.0,86.30000305175781,59.36800003051758,24.044273376464844
2017-04-13,1698.0,86.0199966430664,60.79999923706055,23.59456443786621
2017-04-18,1692.0,86.9800033569336,60.04999923706055,24.53350257873535
2017-04-19,1747.0,87.36000061035156,61.104000091552734,24.629867553710938
2017-04-20,1741.0,88.58999633789062,60.50199890136719,25.020273208618164
2017-04-21,1746.0,88.58000183105469,61.119998931884766,25.124048233032227
2017-04-24,1798.0,91.55999755859375,61.60599899291992,25.43785285949707
2017-04-25,1778.0,91.0199966430664,62.757999420166016,25.880144119262695
2017-04-26,1774.0,90.75,62.034000396728516,25.70223617553711
2017-04-27,1749.0,91.31999969482422,61.72600173950195,26.102523803710938
2017-04-28,1765.0,91.93000030517578,62.81399917602539,25.77142906188965
2017-05-02,1773.0,93.30000305175781,63.77799987792969,25.56880760192871
2017-05-03,1770.0,95.80000305175781,62.20399856567383,25.759065628051758
2017-05-04,1775.0,97.31999969482422,59.09199905395508,25.66023063659668
2017-05-05,1800.0,97.69999694824219,61.66999816894531,25.662704467773438
2017-05-08,1841.0,97.94999694824219,61.4379997253418,25.393373489379883
2017-05-09,1833.0,97.95999908447266,64.25199890136719,25.43538475036621
2017-05-10,1854.0,98.05999755859375,65.04399871826172,29.969478607177734
2017-05-11,1857.0,98.19999694824219,64.62000274658203,31.256811141967773
2017-05-12,1890.0,98.19000244140625,64.96199798583984,31.600263595581055
2017-05-15,1943.0,100.91999816894531,63.17599868774414,33.18657684326172
2017-05-16,1892.0,100.86000061035156,63.402000427246094,33.804298400878906
2017-05-17,1881.0,99.93000030517578,61.22200012207031,31.558256149291992
2017-05-18,1891.0,99.62000274658203,62.61199951171875,32.880184173583984
2017-05-19,1906.0,100.62000274658203,62.16600036621094,33.639549255371094
2017-05-22,1931.0,100.7699966430664,62.06999969482422,34.35687255859375
2017-05-23,1927.0,101.41000366210938,60.77199935913086,33.89432144165039
2017-05-24,1946.0,103.4000015258789,62.04399871826172,34.275238037109375
2017-05-25,2204.0,105.25,63.36600112915039,34.198551177978516
2017-05-26,2285.0,106.22000122070312,65.02799987792969,35.084068298339844
2017-05-30,2343.0,107.76000213623047,67.0199966430664,35.83353805541992
2017-05-31,2279.0,106.73999786376953,68.2020034790039,35.704917907714844
2017-06-01,2280.0,108.38999938964844,68.0739974975586,35.70738983154297
2017-06-02,2279.0,108.9000015258789,67.97000122070312,35.529296875
2017-06-05,2307.0,108.80000305175781,69.46399688720703,36.61022186279297
2017-06-06,2320.0,108.79000091552734,70.56999969482422,36.444496154785156
2017-06-07,2300.0,109.1500015258789,71.93000030517578,36.8847770690918
2017-06-08,2329.0,109.22000122070312,74.0,39.56109619140625
2017-06-09,2355.0,106.56999969482422,71.46399688720703,37.003509521484375
2017-06-12,2365.0,107.3499984741211,71.802001953125,37.09502410888672
2017-06-13,2416.0,107.94999694824219,75.19000244140625,37.44873046875
2017-06-14,2425.0,109.0,76.13200378417969,37.52788543701172
2017-06-15,2277.0,108.69000244140625,75.06800079345703,37.688663482666016
2017-06-16,2297.0,108.45999908447266,74.27999877929688,37.503150939941406
2017-06-19,2317.0,110.58000183105469,73.95999908447266,38.91304397583008
2017-06-20,2311.0,108.44999694824219,74.447998046875,38.85615539550781
2017-06-21,2300.0,108.98999786376953,75.27999877929688,39.444854736328125
2017-06-22,2300.0,109.27999877929688,76.52200317382812,39.172760009765625
2017-06-23,2320.0,109.05999755859375,76.69000244140625,38.0497932434082
2017-06-26,2335.235107421875,108.66000366210938,75.49800109863281,37.63424301147461
2017-06-27,2326.199951171875,107.83000183105469,72.4739990234375,36.25651168823242
2017-06-28,2340.0,107.16999816894531,74.24800109863281,37.53531265258789
2017-06-29,2366.0,106.75,72.1500015258789,36.281246185302734
2017-06-30,2421.0,107.61000061035156,72.3219985961914,35.756866455078125
2017-07-03,2409.0,109.30999755859375,70.52400207519531,34.46323013305664
2017-07-04,2384.0,,,
2017-07-05,2445.0,108.56999969482422,65.41799926757812,35.38336181640625
2017-07-06,2480.0,107.6500015258789,61.76599884033203,35.489723205566406
2017-07-07,2506.0,110.87000274658203,62.64400100708008,36.3010368347168
2017-07-10,2564.0,111.75,63.209999084472656,38.017642974853516
2017-07-11,2564.0,111.68000030517578,65.44400024414062,38.55686950683594
2017-07-12,2580.0,112.0999984741211,65.90399932861328,40.196781158447266
2017-07-13,2580.0,112.30000305175781,64.68199920654297,39.73176574707031
2017-07-14,2572.0,113.08000183105469,65.55599975585938,40.80030822753906
2017-07-17,2612.0,115.04000091552734,63.91400146484375,40.62717056274414
2017-07-18,2588.0,115.56999969482422,65.64800262451172,41.05015182495117
2017-07-19,2671.0,115.19999694824219,65.052001953125,40.83742141723633
2017-07-20,2612.0,112.91999816894531,65.98400115966797,41.43106460571289
2017-07-21,2563.0,112.47000122070312,65.68000030517578,41.57947540283203
2017-07-24,2531.0,111.5,68.50399780273438,41.097137451171875
2017-07-25,2556.0,115.08000183105469,67.91999816894531,40.89926528930664
2017-07-26,2599.0,115.94999694824219,68.7699966430664,41.371700286865234
2017-07-27,2606.0,115.75,66.89199829101562,40.00633239746094
2017-07-28,2614.0,115.3499984741211,67.01399993896484,40.661808013916016
2017-07-31,2603.0,113.33000183105469,64.69400024414062,40.196781158447266
2017-08-01,2672.0,114.73999786376953,63.91400146484375,40.686546325683594
2017-08-02,2670.0,115.75,65.1780014038086,40.661808013916016
2017-08-03,2727.0,117.12999725341797,69.41799926757812,41.17876434326172
2017-08-04,2824.0,116.73999786376953,71.38200378417969,41.35932922363281
2017-08-07,2852.0,116.62999725341797,71.03399658203125,42.63071060180664
2017-08-08,2820.0,116.05999755859375,73.04399871826172,42.123634338378906
2017-08-09,2808.0,115.83999633789062,72.70600128173828,42.57135009765625
2017-08-10,2739.0,115.16999816894531,71.08000183105469,40.748382568359375
2017-08-11,2760.0,114.66999816894531,71.5739974975586,38.57664108276367
2017-08-14,2802.0,117.18000030517578,72.76000213623047,41.65367889404297
2017-08-15,2932.0,119.69000244140625,72.46600341796875,41.30244064331055
2017-08-16,2888.0,120.16000366210938,72.58200073242188,40.84979248046875
2017-08-17,2866.0,116.55999755859375,70.38400268554688,39.939537048339844
2017-08-18,2850.0,115.0999984741211,69.49199676513672,39.94696807861328
2017-08-21,2860.0,115.55999755859375,67.5719985961914,39.365692138671875
2017-08-22,2893.0,115.58999633789062,68.2699966430664,40.24207305908203
2017-08-23,2900.0,113.76000213623047,70.55400085449219,41.046669006347656
2017-08-24,2920.0,112.68000030517578,70.58599853515625,40.89566421508789
2017-08-25,2942.0,113.31999969482422,69.61000061035156,40.55400848388672
2017-08-29,2938.0,114.1500015258789,69.47200012207031,40.77434539794922
2017-08-30,2915.0,112.12999725341797,70.63600158691406,41.0169677734375
2017-08-31,2945.0,113.69999694824219,71.18000030517578,41.947818756103516
2017-09-01,2954.0,114.87999725341797,71.08000183105469,42.200340270996094
2017-09-04,2952.0,,,
2017-09-05,2917.0,114.43000030517578,69.91799926757812,41.07390594482422
2017-09-06,2903.0,115.58000183105469,68.90599822998047,41.04914855957031
2017-09-07,2850.0,116.31999969482422,70.12200164794922,41.239776611328125
2017-09-08,2868.0,116.02999877929688,68.68000030517578,40.5243034362793
2017-09-11,2930.0,116.30999755859375,72.73799896240234,41.83888626098633
2017-09-12,2900.0,116.66999816894531,72.55000305175781,41.98990249633789
2017-09-13,2888.0,114.08999633789062,73.24600219726562,42.17805862426758
2017-09-14,2828.0,110.27999877929688,75.52799987792969,41.93791961669922
2017-09-15,2849.0,108.1500015258789,75.96199798583984,44.589359283447266
2017-09-18,2799.0,107.0,77.0,46.4312629699707
2017-09-19,2863.0,108.75,75.0199966430664,46.38175964355469
2017-09-20,2887.0,106.19999694824219,74.78199768066406,46.00792694091797
2017-09-21,2843.0,106.37000274658203,73.2959976196289,44.75028991699219
2017-09-22,2830.0,106.04000091552734,70.21800231933594,44.31455993652344
2017-09-25,2813.0,105.36000061035156,68.99800109863281,42.33402633666992
2017-09-26,2837.0,104.69999694824219,69.05000305175781,42.57168960571289
2017-09-27,2814.0,107.62000274658203,68.19400024414062,43.50502395629883
2017-09-28,2848.0,101.58999633789062,67.91999816894531,43.49263000488281
2017-09-29,2861.0,105.41999816894531,68.22000122070312,44.257625579833984
2017-10-02,3000.0,106.58999633789062,68.30599975585938,44.31455993652344
2017-10-03,3084.0,108.69000244140625,69.62799835205078,44.406166076660156
2017-10-04,3121.0,109.08000183105469,71.00199890136719,44.77750778198242
2017-10-05,3133.0,106.47000122070312,71.06600189208984,44.75275802612305
2017-10-06,3155.0,105.7300033569336,71.3759994506836,44.883968353271484
2017-10-09,3111.0,104.61000061035156,68.58799743652344,45.89651870727539
2017-10-10,3112.0,106.16999816894531,71.11799621582031,46.77290344238281
2017-10-11,3164.0,108.55999755859375,70.91999816894531,47.27052307128906
2017-10-12,3302.0,106.68000030517578,71.13600158691406,47.29279708862305
2017-10-13,3310.0,107.66000366210938,71.11399841308594,48.17413330078125
2017-10-16,3237.0,106.63999938964844,70.12000274658203,49.001014709472656
2017-10-17,3243.0,106.37000274658203,71.1500015258789,48.956443786621094
2017-10-18,3302.0,105.98999786376953,71.93000030517578,48.914363861083984
2017-10-19,3255.0,105.22000122070312,70.36199951171875,48.96883010864258
2017-10-20,3265.0,106.86000061035156,69.0199966430664,48.74601745605469
2017-10-23,3258.0,104.61000061035156,67.40399932861328,48.67670440673828
2017-10-24,3233.0,104.01000213623047,67.46800231933594,49.186683654785156
2017-10-25,3282.0,103.45999908447266,65.16799926757812,47.94390106201172
2017-10-26,3263.0,104.80000305175781,65.23400115966797,48.446468353271484
2017-10-27,3179.0,103.83000183105469,64.17400360107422,49.97394561767578
2017-10-30,3159.0,105.04000091552734,64.01599884033203,50.464134216308594
2017-10-31,3275.0,112.11000061035156,66.30599975585938,51.199405670166016
2017-11-01,3351.0,113.1500015258789,64.21600341796875,51.29596710205078
2017-11-02,3269.0,112.33000183105469,59.85200119018555,50.98402404785156
2017-11-03,3282.0,112.41999816894531,61.21799850463867,51.664833068847656
2017-11-06,3358.0,113.04000091552734,60.555999755859375,51.897552490234375
2017-11-07,3335.0,111.80000305175781,61.209999084472656,52.4917106628418
2017-11-08,3024.0,111.6500015258789,60.87799835205078,51.78118896484375
2017-11-09,3103.0,111.87000274658203,60.597999572753906,50.83053970336914
2017-11-10,3137.0,111.25,60.597999572753906,53.509220123291016
2017-11-13,3124.0,111.41000366210938,63.08000183105469,52.640262603759766
2017-11-14,3165.0,112.41000366210938,61.7400016784668,53.02397918701172
2017-11-15,3152.0,114.83999633789062,62.2599983215332,51.98419952392578
2017-11-16,3200.0,117.43000030517578,62.5,52.38773727416992
2017-11-17,3189.0,118.87999725341797,63.0099983215332,52.32583999633789
2017-11-20,3168.0,118.88999938964844,61.74800109863281,52.999229431152344
2017-11-21,3230.0,120.7699966430664,63.5620002746582,53.486942291259766
2017-11-22,3228.0,120.05000305175781,62.52000045776367,53.24662780761719
2017-11-23,3228.0,,,
2017-11-24,3252.0,121.5199966430664,63.11000061035156,53.74953842163086
2017-11-27,3260.0,120.4000015258789,63.36199951171875,53.05091094970703
2017-11-28,3320.0,122.19999694824219,63.5099983215332,52.201171875
2017-11-29,3340.0,126.69000244140625,61.507999420166016,48.660972595214844
2017-11-30,3344.0,121.94000244140625,61.77000045776367,49.72377395629883
2017-12-01,3456.0,120.44999694824219,61.305999755859375,48.973121643066406
2017-12-04,3520.0,120.88999938964844,61.040000915527344,46.24303436279297
2017-12-05,3555.0,118.97000122070312,60.7400016784668,46.51060104370117
2017-12-06,3440.0,119.0,62.652000427246094,46.88716506958008
2017-12-07,3413.0,118.95999908447266,62.24800109863281,47.5634880065918
2017-12-08,3466.0,120.30999755859375,63.0260009765625,47.43961715698242
2017-12-11,3466.0,117.55000305175781,65.78199768066406,48.224945068359375
2017-12-12,3563.0,114.93000030517578,68.20600128173828,47.27857971191406
2017-12-13,3478.0,115.77999877929688,67.80599975585938,46.124122619628906
2017-12-14,3449.0,112.44000244140625,67.5780029296875,46.195960998535156
2017-12-15,3460.0,106.58999633789062,68.69000244140625,47.45695495605469
2017-12-18,3404.0,103.30999755859375,67.77400207519531,49.02762985229492
2017-12-19,3475.0,106.5,66.22000122070312,48.58416748046875
2017-12-20,3486.0,106.8499984741211,65.7959976196289,48.75511169433594
2017-12-21,3528.0,105.27999877929688,66.33200073242188,48.529666900634766
2017-12-22,3495.0,104.30999755859375,65.04000091552734,48.376068115234375
2017-12-27,3572.0,103.33999633789062,62.327999114990234,48.84677505493164
2017-12-28,3572.0,104.66999816894531,63.071998596191406,48.90375518798828
2017-12-29,3680.0,104.19000244140625,62.27000045776367,47.93756866455078
2018-01-02,3700.0,105.25,64.10600280761719,49.38684844970703
2018-01-03,3692.0,107.2699966430664,63.45000076293945,52.637184143066406
2018-01-04,3617.0,107.87999725341797,62.92399978637695,52.91465759277344
2018-01-05,3660.0,108.63999938964844,63.316001892089844,53.36306381225586
2018-01-08,3668.0,109.5199966430664,67.28199768066406,54.998146057128906
2018-01-09,3653.0,110.61000061035156,66.73799896240234,54.9832763671875
2018-01-10,3579.0,109.33000183105469,66.95999908447266,55.41434860229492
2018-01-11,3584.0,112.81999969482422,67.58999633789062,55.51344680786133
2018-01-12,3554.0,115.44000244140625,67.24400329589844,55.24092483520508
2018-01-15,3512.0,,,
2018-01-16,3546.0,116.52999877929688,68.01200103759766,54.52992248535156
2018-01-17,3502.0,117.37999725341797,69.43199920654297,55.6719970703125
2018-01-18,3485.0,119.3499984741211,68.91400146484375,55.602630615234375
2018-01-19,3511.0,120.80000305175781,70.00399780273438,57.00730514526367
2018-01-22,3504.0,120.94000244140625,70.31199645996094,57.89421463012695
2018-01-23,3689.0,123.70999908447266,70.55799865722656,59.18741989135742
2018-01-24,3660.0,122.19999694824219,69.1780014038086,58.41694641113281
2018-01-25,3623.0,121.05000305175781,67.52799987792969,58.55320739746094
2018-01-26,3716.0,122.19999694824219,68.56999969482422,60.28242874145508
2018-01-29,3715.0,123.26000213623047,69.90599822998047,61.15446472167969
2018-01-30,3576.0,121.19999694824219,69.16400146484375,60.13131332397461
2018-01-31,3463.0,122.70999908447266,70.86199951171875,60.894344329833984
2018-02-01,3545.0,122.81999969482422,69.8499984741211,59.581321716308594
2018-02-02,3428.0,120.41000366210938,68.75,57.85210037231445
2018-02-05,3362.0,113.0999984741211,66.6259994506836,52.9419059753418
2018-02-06,3289.0,116.48999786376953,66.79399871826172,55.88505172729492
2018-02-07,3452.0,116.94000244140625,69.0,56.68278503417969
2018-02-08,3265.0,114.12999725341797,63.04600143432617,53.88827896118164
2018-02-09,3208.0,115.69000244140625,62.08399963378906,57.495361328125
2018-02-12,3328.0,116.0,63.145999908447266,56.49201583862305
2018-02-13,3248.0,119.0,64.73200225830078,57.63161849975586
2018-02-14,3208.0,120.83999633789062,64.46199798583984,59.80924606323242
2018-02-15,3215.0,123.25,66.81400299072266,61.06776809692383
2018-02-16,3237.0,124.69000244140625,67.0979995727539,60.40876770019531
2018-02-19,3241.0,,,
2018-02-20,3236.0,123.08999633789062,66.9540023803711,61.706932067871094
2018-02-21,3319.0,121.41999816894531,66.66000366210938,59.831539154052734
2018-02-22,3366.0,121.25,69.23400115966797,60.027374267578125
2018-02-23,3419.0,121.83000183105469,70.41000366210938,60.96440505981445
2018-02-26,3542.0,123.06999969482422,71.48400115966797,61.12554168701172
2018-02-27,3630.0,122.2699966430664,70.197998046875,60.996639251708984
2018-02-28,3625.0,121.26000213623047,68.61199951171875,59.99018859863281
2018-03-01,3566.0,119.02999877929688,66.18599700927734,57.563323974609375
2018-03-02,3533.0,118.55999755859375,67.02400207519531,58.636688232421875
2018-03-05,3472.0,120.6500015258789,66.66999816894531,58.41606521606445
2018-03-06,3417.0,121.44000244140625,65.63999938964844,60.02985763549805
2018-03-07,3470.0,123.16000366210938,66.45999908447266,59.95052719116211
2018-03-08,3450.0,123.25,65.81999969482422,59.786922454833984
2018-03-09,3444.0,123.80000305175781,65.43399810791016,60.8156852722168
2018-03-12,3425.0,122.9800033569336,69.10199737548828,61.91383743286133
2018-03-13,3434.0,123.56999969482422,68.36799621582031,61.40566635131836
2018-03-14,3449.0,123.80999755859375,65.32599639892578,61.66099548339844
2018-03-15,3424.0,123.79000091552734,65.12000274658203,61.809730529785156
2018-03-16,3437.0,125.0,64.2699966430664,62.09233474731445
2018-03-19,3450.0,126.38999938964844,62.71200180053711,59.74229049682617
2018-03-20,3458.0,126.12000274658203,62.11000061035156,61.86922836303711
2018-03-21,3423.0,125.52999877929688,63.305999755859375,61.616371154785156
2018-03-22,3304.0,124.66000366210938,61.81999969482422,59.95301055908203
2018-03-23,3215.0,123.69000244140625,60.30799865722656,57.75171661376953
2018-03-26,3213.0,122.80000305175781,60.83599853515625,60.6049690246582
2018-03-27,3215.0,122.2699966430664,55.83599853515625,55.9049186706543
2018-03-28,3205.0,120.87000274658203,51.555999755859375,54.871192932128906
2018-03-29,3254.0,122.8499984741211,53.22600173950195,57.40962219238281
2018-04-03,3167.0,122.05000305175781,53.50600051879883,55.862770080566406
2018-04-04,3187.0,122.87000274658203,57.38800048828125,56.08339309692383
2018-04-05,3336.0,123.44999694824219,61.14400100708008,54.878631591796875
2018-04-06,3340.0,122.26000213623047,59.86000061035156,53.111148834228516
2018-04-09,3368.0,123.41000366210938,57.93199920654297,53.39870834350586
2018-04-10,3375.0,121.87000274658203,60.939998626708984,56.497371673583984
2018-04-11,3282.0,118.05999755859375,60.18600082397461,56.08339309692383
2018-04-12,3389.0,121.38999938964844,58.816001892089844,58.155784606933594
2018-04-13,3387.0,121.37000274658203,60.06800079345703,57.38731384277344
2018-04-16,3427.0,121.83999633789062,58.242000579833984,57.38483428955078
2018-04-17,3368.0,116.66999816894531,57.53799819946289,58.884586334228516
2018-04-18,3384.0,117.5,58.66999816894531,58.59455108642578
2018-04-19,3302.0,115.5,60.01599884033203,56.777488708496094
2018-04-20,3260.0,114.55999755859375,58.04800033569336,56.6956901550293
2018-04-23,3306.0,115.45999908447266,56.67399978637695,55.49837112426758
2018-04-24,3328.0,112.88999938964844,56.69200134277344,54.83401870727539
2018-04-25,3230.0,111.61000061035156,56.13800048828125,53.70857620239258
2018-04-26,3204.0,111.8499984741211,57.09600067138672,55.83053970336914
2018-04-27,3191.0,110.08999633789062,58.816001892089844,56.10570526123047
2018-04-30,3194.0,109.97000122070312,58.779998779296875,55.751216888427734
2018-05-01,3220.0,112.0199966430664,59.98400115966797,56.306495666503906
2018-05-02,3225.0,112.80999755859375,60.22999954223633,56.10074234008789
2018-05-03,3283.0,112.44999694824219,56.88999938964844,57.756675720214844
2018-05-04,3396.0,113.19999694824219,58.81800079345703,59.26137924194336
2018-05-08,3385.0,112.94000244140625,60.39400100708008,62.07249450683594
2018-05-09,3374.0,112.11000061035156,61.369998931884766,63.406158447265625
2018-05-10,3329.0,111.13999938964844,61.00400161743164,64.48448944091797
2018-05-11,3344.0,111.5,60.21200180053711,63.0963020324707
2018-05-14,3307.0,111.3499984741211,58.39400100708008,63.30204772949219
2018-05-15,3200.0,109.88999938964844,56.83599853515625,60.872684478759766
2018-05-16,3148.0,110.54000091552734,57.29600143432617,60.9842414855957
2018-05-17,3100.0,109.9800033569336,56.90800094604492,61.40566635131836
2018-05-18,3080.0,111.91999816894531,55.36399841308594,60.966896057128906
2018-05-21,3122.0,117.4000015258789,56.89799880981445,60.54547119140625
2018-05-22,3150.0,118.04000091552734,55.00199890136719,60.16371154785156
2018-05-23,3144.0,118.87000274658203,55.81399917602539,61.401466369628906
2018-05-24,3229.0,118.31999969482422,55.56999969482422,61.43867874145508
2018-05-25,3465.0,120.69999694824219,55.77000045776367,61.833072662353516
2018-05-29,3402.0,116.76000213623047,56.75199890136719,61.66192626953125
2018-05-30,3325.0,116.7699966430664,58.34400177001953,62.753326416015625
2018-05-31,3402.0,115.91000366210938,56.94599914550781,62.554893493652344
2018-06-01,3512.0,118.20999908447266,58.36399841308594,63.901771545410156
2018-06-04,3519.0,120.4800033569336,59.347999572753906,65.69514465332031
2018-06-05,3555.0,119.47000122070312,58.22600173950195,65.7497329711914
2018-06-06,3560.0,120.77999877929688,63.900001525878906,65.76956176757812
2018-06-07,3524.0,117.91000366210938,63.21799850463867,65.21146392822266
2018-06-08,3452.0,116.98999786376953,63.53200149536133,65.05767059326172
2018-06-11,3569.0,118.20999908447266,66.41999816894531,64.64591979980469
2018-06-12,3610.0,118.43000030517578,68.55400085449219,65.13208770751953
2018-06-13,3705.0,118.4000015258789,68.95600128173828,65.08744049072266
2018-06-14,3731.0,118.01000213623047,71.54399871826172,66.20612335205078
2018-06-15,3647.0,116.6500015258789,71.63400268554688,65.79685974121094
2018-06-18,3698.0,113.88999938964844,74.16600036621094,65.75467681884766
2018-06-19,3657.0,113.61000061035156,70.51000213623047,64.5343017578125
2018-06-20,3769.0,117.08999633789062,72.44400024414062,65.06511688232422
2018-06-21,3717.0,118.44999694824219,69.50199890136719,63.77527618408203
2018-06-22,3781.0,117.41999816894531,66.72599792480469,62.2473030090332
2018-06-25,3583.0,116.91000366210938,66.60199737548828,59.31291961669922
2018-06-26,3536.0,116.2300033569336,68.4000015258789,60.024810791015625
2018-06-27,3568.0,113.63999938964844,68.9000015258789,58.46955490112305
2018-06-28,3567.0,112.37999725341797,69.98600006103516,59.74452209472656
2018-06-29,3600.0,114.2300033569336,68.58999633789062,58.762245178222656
2018-07-02,3491.0,113.6500015258789,67.01399993896484,60.086830139160156
2018-07-03,3540.0,113.38999938964844,62.172000885009766,58.74736785888672
2018-07-04,3553.0,,,
2018-07-05,3589.0,113.04000091552734,61.832000732421875,60.20836639404297
2018-07-06,3599.0,113.93000030517578,61.779998779296875,61.3493766784668
2018-07-09,3670.0,113.52999877929688,63.70199966430664,61.825626373291016
2018-07-10,3662.0,112.63999938964844,64.49400329589844,62.81781005859375
2018-07-11,3526.0,111.98999786376953,63.79199981689453,61.39898681640625
2018-07-12,3638.0,115.5199966430664,63.34199905395508,62.31676483154297
2018-07-13,3694.0,115.5,63.77399826049805,61.84299850463867
2018-07-16,3709.0,116.16000366210938,62.02000045776367,61.565181732177734
2018-07-17,3736.0,117.54000091552734,64.53800201416016,62.92695617675781
2018-07-18,3797.0,118.30000305175781,64.7699966430664,62.43334197998047
2018-07-19,3750.0,118.12000274658203,64.0459976196289,62.515201568603516
2018-07-20,3720.0,116.69999694824219,62.715999603271484,62.232425689697266
2018-07-23,3599.0,106.69999694824219,60.63999938964844,61.865318298339844
2018-07-24,3558.0,103.5199966430664,59.486000061035156,61.69168472290039
2018-07-25,3256.0,106.73999786376953,61.74800109863281,62.47550964355469
2018-07-26,3340.0,107.5,61.33000183105469,63.21221160888672
2018-07-27,3408.0,108.0,59.43600082397461,62.51272201538086
2018-07-30,3377.0,106.5199966430664,58.034000396728516,60.55562973022461
2018-07-31,3466.0,105.4000015258789,59.62799835205078,60.7367057800293
2018-08-01,3400.0,102.12000274658203,60.167999267578125,61.13605880737305
2018-08-02,3331.0,100.47000122070312,69.90799713134766,62.16544723510742
2018-08-03,3353.0,100.41999816894531,69.63400268554688,62.53255844116211
2018-08-06,3369.0,99.91999816894531,68.39800262451172,63.01129913330078
2018-08-07,3395.0,101.33999633789062,75.91400146484375,63.735591888427734
2018-08-08,3430.0,101.05999755859375,74.06800079345703,64.10021209716797
2018-08-09,3419.0,99.5199966430664,70.48999786376953,63.61403274536133
2018-08-10,3382.0,96.7699966430664,71.0979995727539,63.199806213378906
2018-08-13,3350.0,97.77999877929688,71.28199768066406,63.52971267700195
2018-08-14,3384.0,97.87000274658203,69.52799987792969,64.84683227539062
2018-08-15,3261.0,98.01000213623047,67.73799896240234,64.263916015625
2018-08-16,3317.0,97.98999786376953,67.08999633789062,63.85714340209961
2018-08-17,3314.0,98.30000305175781,61.099998474121094,60.72679138183594
2018-08-20,3334.0,98.94999694824219,61.6879997253418,61.47587966918945
2018-08-21,3315.0,98.12000274658203,64.37999725341797,62.83518600463867
2018-08-22,3254.0,95.47000122070312,64.3280029296875,65.1916275024414
2018-08-23,3291.0,98.13999938964844,64.0199966430664,66.18876647949219
2018-08-24,3278.0,99.62000274658203,64.56400299072266,67.52324676513672
2018-08-28,3250.0,102.02999877929688,62.37200164794922,68.05903625488281
2018-08-29,3233.0,102.29000091552734,61.00199890136719,69.11629486083984
2018-08-30,3193.0,101.95999908447266,60.630001068115234,68.9475326538086
2018-08-31,3171.0,101.87000274658203,60.332000732421875,69.65982055664062
2018-09-03,3164.0,,,
2018-09-04,3130.0,98.04000091552734,57.790000915527344,70.40933227539062
2018-09-05,3118.0,98.0199966430664,56.14799880981445,69.09893798828125
2018-09-06,3095.0,98.4800033569336,56.189998626708984,67.68427276611328
2018-09-07,3058.0,95.91999816894531,52.64799880981445,67.47084045410156
2018-09-10,3071.0,95.41999816894531,57.099998474121094,68.18314361572266
2018-09-11,3032.0,95.20999908447266,55.88800048828125,67.70414733886719
2018-09-12,3119.0,94.87999725341797,58.108001708984375,66.5625228881836
2018-09-13,3125.0,95.5199966430664,57.891998291015625,67.34178924560547
2018-09-14,3133.0,95.9800033569336,59.040000915527344,68.60503387451172
2018-09-17,3130.0,96.5999984741211,58.96799850463867,67.98458099365234
2018-09-18,3171.0,97.25,56.992000579833984,67.26237487792969
2018-09-19,3158.0,99.58999633789062,59.80400085449219,67.5006332397461
2018-09-20,3078.0,95.94000244140625,59.66600036621094,66.08599090576172
2018-09-21,3020.0,98.41999816894531,59.81999969482422,65.3836441040039
2018-09-24,2983.0,96.70999908447266,59.93600082397461,65.94205474853516
2018-09-25,2837.0,95.66000366210938,60.198001861572266,66.61463928222656
2018-09-26,2868.0,96.87999725341797,61.91600036621094,66.24484252929688
2018-09-27,2779.0,97.2699966430664,61.50400161743164,66.36395263671875
2018-09-28,2877.0,96.04000091552734,52.95399856567383,69.74419403076172
2018-10-01,2650.0,80.93000030517578,62.13999938964844,71.81404113769531
2018-10-02,2544.0,82.61000061035156,60.20399856567383,71.09927368164062
2018-10-03,2577.0,83.19000244140625,58.959999084472656,71.16132354736328
2018-10-04,2553.0,82.55000305175781,56.36600112915039,69.3148422241211
2018-10-05,2586.0,82.56999969482422,52.38999938964844,66.9744873046875
2018-10-08,2488.0,83.0999984741211,50.11199951171875,65.95941925048828
2018-10-09,2495.0,82.12999725341797,52.560001373291016,65.90233612060547
2018-10-10,2363.0,79.70999908447266,51.375999450683594,60.97591781616211
2018-10-11,2329.0,78.62999725341797,50.44599914550781,58.355106353759766
2018-10-12,2458.0,79.23999786376953,51.75600051879883,61.18687438964844
2018-10-15,2525.0,79.9800033569336,51.917999267578125,58.41716003417969
2018-10-16,2644.0,80.45999908447266,55.31800079345703,61.01066589355469
2018-10-17,2611.0,81.19999694824219,54.35599899291992,60.32320022583008
2018-10-18,2458.0,81.20999908447266,52.78200149536133,59.447113037109375
2018-10-19,2386.0,82.0999984741211,52.0,56.875946044921875
2018-10-22,2435.0,84.18000030517578,52.189998626708984,57.38471984863281
2018-10-23,2369.0,83.19999694824219,58.827999114990234,54.86318588256836
2018-10-24,2430.0,81.47000122070312,57.70000076293945,49.49004364013672
2018-10-25,2553.0,81.1500015258789,62.97200012207031,51.58221435546875
2018-10-26,2578.0,82.16999816894531,66.18000030517578,49.212074279785156
2018-10-29,2658.0,81.30999755859375,66.97000122070312,46.06760787963867
2018-10-30,2601.0,81.69000244140625,65.9800033569336,50.381011962890625
2018-10-31,2571.0,82.80000305175781,67.46399688720703,52.32428741455078
2018-11-01,2649.0,84.80000305175781,68.85600280761719,54.13105010986328
2018-11-02,2715.0,85.41000366210938,69.28199768066406,53.33934020996094
2018-11-05,2617.0,86.25,68.27999877929688,52.55757522583008
2018-11-06,2667.0,85.08999633789062,68.21199798583984,52.3813591003418
2018-11-07,2890.0,88.45999908447266,69.63200378417969,53.05889892578125
2018-11-08,2900.0,88.30000305175781,70.27999877929688,51.12308120727539
2018-11-09,2958.0,88.13999938964844,70.10199737548828,51.04365921020508
2018-11-12,2983.0,84.70999908447266,66.25599670410156,47.04048156738281
2018-11-13,3034.0,85.18000030517578,67.74600219726562,49.46522521972656
2018-11-14,2984.0,85.41999816894531,68.80000305175781,48.939083099365234
2018-11-15,2838.0,80.0999984741211,69.68800354003906,50.22962188720703
2018-11-16,2877.0,79.98999786376953,70.86199951171875,40.80862045288086
2018-11-19,2820.0,79.45999908447266,70.69400024414062,35.911983489990234
2018-11-20,2797.0,79.08999633789062,69.49800109863281,36.9990234375
2018-11-21,2969.0,81.48999786376953,67.63800048828125,35.914466857910156
2018-11-22,2913.0,,,
2018-11-23,3065.0,83.69999694824219,65.16600036621094,35.98644256591797
2018-11-26,3066.0,81.4800033569336,69.19999694824219,37.98430252075195
2018-11-27,2961.0,80.77999877929688,68.78399658203125,38.15306854248047
2018-11-28,2956.0,82.41999816894531,69.5739974975586,39.72654342651367
2018-11-29,3001.0,80.9800033569336,68.23400115966797,39.09305191040039
2018-11-30,2996.0,82.33000183105469,70.09600067138672,40.60102081298828
2018-12-03,2986.0,81.47000122070312,71.697998046875,42.24314880371094
2018-12-04,2870.0,80.66000366210938,71.94000244140625,39.03094482421875
2018-12-05,2913.0,,,
2018-12-06,2902.0,80.44000244140625,72.61199951171875,39.324092864990234
2018-12-07,2918.0,75.58000183105469,71.59400177001953,36.67084884643555
2018-12-10,2833.0,74.08999633789062,73.02999877929688,37.72667694091797
2018-12-11,2927.0,74.0,73.35199737548828,36.81494140625
2018-12-12,2954.0,74.23999786376953,73.31999969482422,36.99132537841797
2018-12-13,2887.0,73.54000091552734,75.35800170898438,36.98884582519531
2018-12-14,2881.0,72.5999984741211,73.14199829101562,36.382667541503906
2018-12-17,2750.0,71.66000366210938,69.68399810791016,35.66967010498047
2018-12-18,2775.0,71.63999938964844,67.40599822998047,36.5044059753418
2018-12-19,2764.0,71.8499984741211,66.59400177001953,34.41012954711914
2018-12-20,2752.0,70.97000122070312,63.07600021362305,33.562984466552734
2018-12-21,2760.0,69.3499984741211,63.95399856567383,32.18916320800781
2018-12-24,2748.0,67.94999694824219,59.077999114990234,31.570568084716797
2018-12-27,2722.0,70.08999633789062,63.22600173950195,32.58664321899414
2018-12-28,2792.0,71.38999938964844,66.77400207519531,33.202754974365234
2018-12-31,2802.0,71.33999633789062,66.55999755859375,33.165489196777344
2019-01-02,2752.0,71.88999938964844,62.02399826049805,33.84122085571289
2019-01-03,2777.0,70.62999725341797,60.071998596191406,31.796640396118164
2019-01-04,2905.0,72.81999969482422,63.53799819946289,33.83376693725586
2019-01-07,2929.0,73.0,66.99199676513672,35.62495422363281
2019-01-08,2925.0,71.45999908447266,67.06999969482422,34.738059997558594
2019-01-09,2957.0,71.97000122070312,67.70600128173828,35.421241760253906
2019-01-10,2920.0,73.1500015258789,68.99400329589844,36.0795783996582
2019-01-11,2957.0,72.2300033569336,69.4520034790039,36.973934173583984
2019-01-14,2923.0,71.2300033569336,66.87999725341797,37.373905181884766
2019-01-15,2945.0,68.4800033569336,68.88600158691406,37.232295989990234
2019-01-16,3035.0,68.68000030517578,69.20999908447266,36.97641372680664
2019-01-17,3037.0,67.95999908447266,69.46199798583984,37.691898345947266
2019-01-18,3020.0,65.75,60.45199966430664,38.98622131347656
2019-01-21,3122.0,,,
2019-01-22,3115.0,69.08999633789062,59.784000396728516,36.95903015136719
2019-01-23,3106.0,69.6500015258789,57.518001556396484,37.08821487426758
2019-01-24,3121.0,68.47000122070312,58.301998138427734,39.21229553222656
2019-01-25,3145.0,69.95999908447266,59.40800094604492,39.786163330078125
2019-01-28,3117.0,68.98999786376953,59.2760009765625,34.285911560058594
2019-01-29,3050.0,69.5,59.492000579833984,32.693477630615234
2019-01-30,3122.0,70.08999633789062,61.75400161743164,34.13188934326172
2019-01-31,3031.0,71.0,61.40399932861328,35.71190643310547
2019-02-01,3102.0,71.45999908447266,62.44200134277344,35.95537185668945
2019-02-04,3109.0,70.66999816894531,62.577999114990234,37.06088638305664
2019-02-05,3122.0,71.63999938964844,64.2699966430664,37.252174377441406
2019-02-06,3160.0,71.0,63.444000244140625,38.0098876953125
2019-02-07,3118.0,70.0999984741211,61.50199890136719,36.62364959716797
2019-02-08,3056.0,71.08999633789062,61.15999984741211,36.809967041015625
2019-02-11,3164.0,71.83000183105469,62.56800079345703,36.382667541503906
2019-02-12,3184.0,71.81999969482422,62.36199951171875,37.55527114868164
2019-02-13,3195.0,72.83999633789062,61.63399887084961,37.980079650878906
2019-02-14,3165.0,72.23999786376953,60.75400161743164,38.389984130859375
2019-02-15,3224.0,72.31999969482422,61.57600021362305,39.088077545166016
2019-02-18,3242.0,,,
2019-02-19,3245.0,73.66000366210938,61.12799835205078,38.914180755615234
2019-02-20,3301.0,73.19999694824219,60.512001037597656,39.38867950439453
2019-02-21,3223.0,73.36000061035156,58.24599838256836,38.69804763793945
2019-02-22,3187.0,73.61000061035156,58.94200134277344,39.54768371582031
2019-02-25,3161.0,74.18000030517578,59.75400161743164,39.4234619140625
2019-02-26,3171.0,74.91999816894531,59.571998596191406,39.02845764160156
2019-02-27,3098.0,75.26000213623047,62.948001861572266,38.608612060546875
2019-02-28,3041.0,74.54000091552734,63.97600173950195,38.36240768432617
2019-03-01,3039.0,77.66999816894531,58.95800018310547,38.90702819824219
2019-03-04,3068.0,76.87000274658203,57.071998596191406,38.989097595214844
2019-03-05,3164.0,76.56999969482422,55.30799865722656,38.9244384765625
2019-03-06,3186.0,77.3499984741211,55.24800109863281,37.81281280517578
2019-03-07,3180.0,75.27999877929688,55.31800079345703,37.11896896362305
2019-03-08,3080.0,73.25,56.827999114990234,37.462162017822266
2019-03-11,3059.0,73.69000244140625,58.183998107910156,40.0733757019043
2019-03-12,3065.0,74.44999694824219,56.672000885009766,40.416561126708984
2019-03-13,3080.0,74.61000061035156,57.79199981689453,41.93354797363281
2019-03-14,3161.0,75.12000274658203,57.992000579833984,41.17257308959961
2019-03-15,3228.0,76.13999938964844,55.08599853515625,42.229488372802734
2019-03-18,3194.0,74.44000244140625,53.89799880981445,42.0156135559082
2019-03-19,3203.0,74.08999633789062,53.49399948120117,43.696746826171875
2019-03-20,3170.0,73.1500015258789,54.720001220703125,43.37095642089844
2019-03-21,3165.0,73.33000183105469,54.80400085449219,45.743431091308594
2019-03-22,3069.0,71.45999908447266,52.90599822998047,44.14189147949219
2019-03-25,3037.0,71.69000244140625,52.08399963378906,43.21677017211914
2019-03-26,3025.0,72.66000366210938,53.55400085449219,43.98521423339844
2019-03-27,3049.0,74.30999755859375,54.965999603271484,43.89320373535156
2019-03-28,3062.0,74.86000061035156,55.7239990234375,44.0797233581543
2019-03-29,3010.0,74.94000244140625,55.97200012207031,44.654178619384766
2019-04-01,2880.0,75.08000183105469,57.83599853515625,45.33061599731445
2019-04-02,3017.0,72.55000305175781,57.17599868774414,45.50966262817383
2019-04-03,3109.0,74.05999755859375,58.36199951171875,46.90728759765625
2019-04-04,3120.0,75.19999694824219,53.555999755859375,46.81775665283203
2019-04-05,3147.0,73.94000244140625,54.992000579833984,47.486724853515625
2019-04-08,3133.0,73.69000244140625,54.63999938964844,47.69562530517578
2019-04-09,3177.0,73.69999694824219,54.46200180053711,47.066444396972656
2019-04-10,3188.0,73.04000091552734,55.21200180053711,47.7727165222168
2019-04-11,3290.0,76.44999694824219,53.683998107910156,47.63344955444336
2019-04-12,3257.0,77.05000305175781,53.540000915527344,47.252952575683594
2019-04-15,3329.0,78.0999984741211,53.2760009765625,45.932430267333984
2019-04-16,3447.0,79.41000366210938,54.672000885009766,46.80532455444336
2019-04-17,3451.0,82.55000305175781,54.24599838256836,46.576534271240234
2019-04-18,3468.0,83.2300033569336,54.652000427246094,46.3303337097168
2019-04-23,3376.0,79.2699966430664,52.779998779296875,47.41709518432617
2019-04-24,3393.0,78.19000244140625,51.731998443603516,47.54143142700195
2019-04-25,3412.0,78.23999786376953,49.5260009765625,46.48202896118164
2019-04-26,3433.0,78.18000030517578,47.02799987792969,44.288612365722656
2019-04-29,3410.0,76.8499984741211,48.29399871826172,44.59698486328125
2019-04-30,3400.0,77.63999938964844,47.737998962402344,45.012290954589844
2019-05-01,3431.0,77.94999694824219,46.801998138427734,44.880489349365234
2019-05-02,3524.0,76.5999984741211,48.81999969482422,45.55691909790039
2019-05-03,3410.0,75.9000015258789,51.00600051879883,45.512149810791016
2019-05-07,3429.0,74.12999725341797,49.4119987487793,43.0501594543457
2019-05-08,3339.0,72.98999786376953,48.96799850463867,43.2515869140625
2019-05-09,3319.0,72.19000244140625,48.395999908447266,42.32399368286133
2019-05-10,3351.0,71.91999816894531,47.90399932861328,41.9832878112793
2019-05-13,3327.0,69.91999816894531,45.402000427246094,39.40440368652344
2019-05-14,3356.0,70.08999633789062,46.46200180053711,40.29718780517578
2019-05-15,3350.0,69.44999694824219,46.38999938964844,39.68541717529297
2019-05-16,3397.0,69.87000274658203,45.66600036621094,39.837120056152344
2019-05-17,3384.0,69.0999984741211,42.20600128173828,38.92692184448242
2019-05-20,3312.0,67.76000213623047,41.071998596191406,37.73820877075195
2019-05-21,3165.0,70.19000244140625,41.01599884033203,38.56135559082031
2019-05-22,3102.0,68.5999984741211,38.54600143432617,37.85011291503906
2019-05-23,3079.0,68.69000244140625,39.097999572753906,36.63652801513672
2019-05-24,3138.0,69.80000305175781,38.125999450683594,36.09687423706055
2019-05-28,3108.0,68.01000213623047,37.7400016784668,35.64426803588867
2019-05-29,3145.0,66.6500015258789,37.97200012207031,34.90068054199219
2019-05-30,3208.0,66.5,37.64400100708008,34.63429260253906
2019-05-31,3134.0,65.22000122070312,37.03200149536133,33.725555419921875
2019-06-03,3274.0,65.63999938964844,35.79399871826172,33.30727767944336
2019-06-04,3507.0,67.5,38.720001220703125,35.60279083251953
2019-06-05,3507.0,66.5199966430664,39.31800079345703,35.174556732177734
2019-06-06,3553.0,65.54000091552734,41.189998626708984,35.796993255615234
2019-06-07,3534.0,66.33999633789062,40.900001525878906,36.225215911865234
2019-06-10,3550.0,65.62000274658203,42.57600021362305,36.9547004699707
2019-06-11,3551.0,65.72000122070312,43.41999816894531,37.532310485839844
2019-06-12,3600.0,65.95999908447266,41.85200119018555,36.39949417114258
2019-06-13,3643.0,66.19000244140625,42.78200149536133,36.91238021850586
2019-06-14,3625.0,65.27999877929688,42.98400115966797,36.0110969543457
2019-06-17,3531.0,62.45000076293945,45.00600051879883,36.10820007324219
2019-06-18,3539.0,62.22999954223633,44.948001861572266,38.0626220703125
2019-06-19,3505.0,62.040000915527344,45.2859992980957,38.122371673583984
2019-06-20,3485.0,62.0,43.92399978637695,38.366363525390625
2019-06-21,3455.0,62.130001068115234,44.37200164794922,37.78376770019531
2019-06-24,3428.0,62.529998779296875,44.72800064086914,38.007843017578125
2019-06-25,3322.0,62.22999954223633,43.95199966430664,37.71406173706055
2019-06-26,3286.0,63.439998626708984,43.854000091552734,39.65105056762695
2019-06-27,3301.0,63.849998474121094,44.56800079345703,40.639461517333984
2019-06-28,3409.0,64.13999938964844,44.69200134277344,40.888431549072266
2019-07-01,3386.0,65.26000213623047,45.433998107910156,41.371437072753906
2019-07-02,3505.0,65.58000183105469,44.90999984741211,40.3904914855957
2019-07-03,3539.0,66.79000091552734,46.97999954223633,40.51995849609375
2019-07-04,3643.0,,,
2019-07-05,3622.0,67.66000366210938,46.619998931884766,39.89255142211914
2019-07-08,3577.0,66.26000213623047,46.06800079345703,39.14065933227539
2019-07-09,3525.0,65.30999755859375,46.012001037597656,39.16556167602539
2019-07-10,3517.0,64.98999786376953,47.784000396728516,39.8502311706543
2019-07-11,3519.0,63.439998626708984,47.720001220703125,41.39882278442383
2019-07-12,3501.0,63.650001525878906,49.01599884033203,41.729949951171875
2019-07-15,3500.0,63.77000045776367,50.70000076293945,41.645301818847656
2019-07-16,3597.0,64.62000274658203,50.47600173950195,41.59799575805664
2019-07-17,3573.0,63.869998931884766,50.97200012207031,42.25279235839844
2019-07-18,3591.0,64.62000274658203,50.70800018310547,42.36980056762695
2019-07-19,3626.0,64.30999755859375,51.63600158691406,41.93659973144531
2019-07-22,3602.0,65.91000366210938,51.13600158691406,42.65363311767578
2019-07-23,3678.0,65.33000183105469,52.034000396728516,43.73416519165039
2019-07-24,3605.0,64.88999938964844,52.97600173950195,44.48108673095703
2019-07-25,3742.0,63.880001068115234,45.763999938964844,43.16651916503906
2019-07-26,3769.0,63.630001068115234,45.608001708984375,43.58727264404297
2019-07-29,3681.0,63.91999816894531,47.15399932861328,43.52503967285156
2019-07-30,3530.0,62.119998931884766,48.45199966430664,43.681888580322266
2019-07-31,3534.0,62.130001068115234,48.321998596191406,42.00630569458008
2019-08-01,3550.0,61.9900016784668,46.77000045776367,41.06022262573242
2019-08-02,3587.0,61.31999969482422,46.86800003051758,40.131561279296875
2019-08-05,3447.0,60.43000030517578,45.66400146484375,37.54227066040039
2019-08-06,3453.0,60.91999816894531,46.150001525878906,37.930667877197266
2019-08-07,3477.0,61.560001373291016,46.683998107910156,38.31407928466797
2019-08-08,3530.0,61.630001068115234,47.65999984741211,39.402076721191406
2019-08-09,3457.0,60.0,47.00199890136719,38.38627624511719
2019-08-12,3455.0,60.0,45.801998138427734,37.70658874511719
2019-08-13,3460.0,60.02000045776367,47.0,38.85185241699219
2019-08-14,3339.0,59.04999923706055,43.92399978637695,37.36301803588867
2019-08-15,3389.0,58.380001068115234,43.12799835205078,37.03935241699219
2019-08-16,3419.0,57.970001220703125,43.987998962402344,39.725746154785156
2019-08-19,3438.0,58.470001220703125,45.36600112915039,42.519195556640625
2019-08-20,3421.0,57.04999923706055,45.172000885009766,41.79468536376953
2019-08-21,3421.0,56.90999984741211,44.16600036621094,42.6312255859375
2019-08-22,3435.0,57.040000915527344,44.43000030517578,42.69346618652344
2019-08-23,3553.0,56.869998931884766,42.279998779296875,40.44277572631836
2019-08-27,3639.0,57.130001068115234,42.816001892089844,40.2834358215332
2019-08-28,3612.0,56.75,43.11800003051758,40.17876434326172
2019-08-29,3625.0,57.5,44.34199905395508,41.619239807128906
2019-08-30,3596.0,57.29999923706055,45.12200164794922,41.746337890625
2019-09-02,3582.0,,,
2019-09-03,3554.0,57.66999816894531,45.00199890136719,40.91394805908203
2019-09-04,3538.0,57.970001220703125,44.13600158691406,42.057865142822266
2019-09-05,3649.0,58.849998474121094,45.91600036621094,44.79426574707031
2019-09-06,3610.0,59.63999938964844,45.4900016784668,44.52261734008789
2019-09-09,3522.0,60.15999984741211,46.358001708984375,44.983673095703125
2019-09-10,3505.0,61.849998474121094,47.108001708984375,45.65156555175781
2019-09-11,3558.0,63.13999938964844,49.41999816894531,45.93817138671875
2019-09-12,3517.0,61.0,49.17399978637695,45.9232177734375
2019-09-13,3549.0,63.43000030517578,49.040000915527344,45.3425407409668
2019-09-16,3372.0,62.900001525878906,48.5620002746582,44.911399841308594
2019-09-17,3419.0,62.130001068115234,48.95800018310547,45.12572479248047
2019-09-18,3520.0,62.25,48.698001861572266,44.85407638549805
2019-09-19,3591.0,62.470001220703125,49.31999969482422,44.096458435058594
2019-09-20,3581.0,62.970001220703125,48.124000549316406,43.037288665771484
2019-09-23,3532.0,64.22000122070312,48.24599838256836,43.57310104370117
2019-09-24,3585.0,64.80000305175781,44.641998291015625,42.997406005859375
2019-09-25,3583.0,65.05999755859375,45.7400016784668,44.417945861816406
2019-09-26,3584.0,65.25,48.512001037597656,44.19614028930664
2019-09-27,3612.0,65.41000366210938,48.42599868774414,42.805511474609375
2019-09-30,3615.0,66.37999725341797,48.17399978637695,43.38120651245117
2019-10-01,3642.0,66.36000061035156,48.9379997253418,43.3637580871582
2019-10-02,3542.0,65.79000091552734,48.625999450683594,43.12451171875
2019-10-03,3506.0,66.20999908447266,46.60599899291992,45.1855354309082
2019-10-04,3525.0,66.19999694824219,46.2859992980957,45.35002136230469
2019-10-07,3572.0,67.93000030517578,47.54399871826172,45.93817138671875
2019-10-08,3553.0,66.01000213623047,48.0099983215332,44.16872787475586
2019-10-09,3625.0,68.80000305175781,48.90599822998047,45.0360107421875
2019-10-10,3604.0,69.33999633789062,48.948001861572266,45.61418914794922
2019-10-11,3731.0,73.58000183105469,49.577999114990234,46.35187530517578
2019-10-14,3761.0,73.01000213623047,51.391998291015625,46.486454010009766
2019-10-15,3902.0,74.19000244140625,51.577999114990234,48.938743591308594
2019-10-16,3844.0,72.48999786376953,51.95000076293945,48.40043258666992
2019-10-17,3845.0,74.37000274658203,52.39400100708008,48.420372009277344
2019-10-18,3886.0,72.95999908447266,51.38999938964844,47.47334289550781
2019-10-21,3862.0,74.37999725341797,50.70000076293945,48.849021911621094
2019-10-22,3827.0,73.33000183105469,51.11600112915039,48.74933624267578
2019-10-23,3800.0,74.23999786376953,50.93600082397461,48.61974334716797
2019-10-24,3708.0,74.08000183105469,59.93600082397461,49.06086349487305
2019-10-25,3720.0,73.70999908447266,65.6259994506836,50.97484588623047
2019-10-28,3735.0,74.0199966430664,65.54199981689453,51.535579681396484
2019-10-29,3771.0,73.8499984741211,63.24399948120117,50.57111358642578
2019-10-30,3807.0,75.02999877929688,63.00199890136719,50.59104919433594
2019-10-31,3814.0,74.63999938964844,62.98400115966797,50.09760284423828
2019-11-01,3848.0,76.6500015258789,62.6619987487793,50.48887634277344
2019-11-04,3904.0,83.3499984741211,63.49399948120117,52.46017837524414
2019-11-05,3909.0,82.55999755859375,63.444000244140625,52.23837661743164
2019-11-06,3912.0,83.75,65.31600189208984,51.74492645263672
2019-11-07,3935.0,85.12000274658203,67.10800170898438,51.921875
2019-11-08,3899.0,85.20999908447266,67.4280014038086,51.782310485839844
2019-11-11,3892.0,85.3499984741211,69.01799774169922,51.881996154785156
2019-11-12,3871.0,85.51000213623047,69.98600006103516,52.23837661743164
2019-11-13,3750.0,85.30999755859375,69.22200012207031,51.979190826416016
2019-11-14,3819.0,85.36000061035156,69.87000274658203,52.283233642578125
2019-11-15,3910.0,86.01000213623047,70.43399810791016,50.88762283325195
2019-11-18,3872.0,85.7699966430664,69.99800109863281,52.903785705566406
2019-11-19,3870.0,86.27999877929688,71.90399932861328,51.83464431762695
2019-11-20,3875.0,84.8499984741211,70.44400024414062,52.62964630126953
2019-11-21,3900.0,83.66999816894531,70.96600341796875,52.38042449951172
2019-11-22,3890.0,83.44999694824219,66.60800170898438,52.557373046875
2019-11-25,3922.0,83.5,67.26799774169922,55.129295349121094
2019-11-26,3898.0,83.98999786376953,65.78399658203125,54.0800895690918
2019-11-27,3905.0,84.02999877929688,66.25800323486328,54.42924880981445
2019-11-28,3947.0,,,
2019-11-29,3950.0,83.31999969482422,65.98799896240234,54.05514907836914
2019-12-02,3949.0,82.66000366210938,66.9739990234375,52.187137603759766
2019-12-03,3927.0,83.19999694824219,67.23999786376953,51.790592193603516
2019-12-04,3935.0,83.97000122070312,66.60600280761719,52.22953414916992
2019-12-05,3910.0,84.4800033569336,66.0739974975586,52.059940338134766
2019-12-06,3955.0,85.70999908447266,67.1780014038086,52.91538619995117
2019-12-09,3934.0,84.2300033569336,67.90599822998047,52.91538619995117
2019-12-10,3883.0,83.91999816894531,69.76799774169922,53.36680221557617
2019-12-11,3855.0,84.5,70.54000091552734,54.20478439331055
2019-12-12,3870.0,84.3499984741211,71.93599700927734,55.883262634277344
2019-12-13,4013.0,87.30999755859375,71.6780014038086,55.863304138183594
2019-12-16,3979.0,87.61000061035156,76.30000305175781,56.15260314941406
2019-12-17,3994.0,86.8499984741211,75.7979965209961,56.935726165771484
2019-12-18,3967.0,86.87999725341797,78.62999725341797,57.23999786376953
2019-12-19,3990.0,87.83000183105469,80.80799865722656,58.723934173583984
2019-12-20,3980.0,87.02999877929688,81.11799621582031,59.6990852355957
2019-12-23,3960.0,86.47000122070312,83.84400177001953,59.561927795410156
2019-12-24,3925.0,86.51000213623047,85.05000305175781,59.51204299926758
2019-12-27,3940.0,87.0199966430664,86.07599639892578,59.07558822631836
2019-12-30,3896.0,87.41000366210938,82.94000244140625,57.94081497192383
2019-12-31,3895.0,87.61000061035156,83.66600036621094,58.68403244018555
2020-01-02,3990.0,89.26000213623047,86.052001953125,59.83376693725586
2020-01-03,3896.0,87.69999694824219,88.60199737548828,58.87607192993164
2020-01-06,3784.0,86.8499984741211,90.30799865722656,59.12297439575195
2020-01-07,3836.0,88.37999725341797,93.81199645996094,59.8387565612793
2020-01-08,3775.0,89.12000274658203,98.4280014038086,59.950984954833984
2020-01-09,3858.0,90.0,96.26799774169922,60.60940170288086
2020-01-10,4119.0,96.18000030517578,95.62999725341797,60.93362045288086
2020-01-13,4284.0,94.79000091552734,104.97200012207031,62.84403610229492
2020-01-14,4329.0,93.8499984741211,107.58399963378906,61.67185592651367
2020-01-15,4209.0,92.26000213623047,103.69999694824219,61.24537658691406
2020-01-16,4210.0,93.08999633789062,102.697998046875,62.0833625793457
2020-01-17,4254.0,92.73999786376953,102.0999984741211,62.170658111572266
2020-01-20,4227.0,,,
2020-01-21,4225.0,91.0,109.44000244140625,61.836456298828125
2020-01-22,4247.0,92.66000366210938,113.91200256347656,62.37765884399414
2020-01-23,4196.0,91.0199966430664,114.44000244140625,63.063507080078125
2020-01-24,4227.0,89.2699966430664,112.96399688720703,62.46992874145508
2020-01-27,4046.0,87.02999877929688,111.60399627685547,59.906097412109375
2020-01-28,4110.0,87.31999969482422,113.37999725341797,61.843936920166016
2020-01-29,4302.0,87.6500015258789,116.197998046875,61.23789596557617
2020-01-30,4200.0,88.0199966430664,128.16200256347656,61.30523681640625
2020-01-31,4187.0,86.61000061035156,130.11399841308594,58.965850830078125
2020-02-03,4160.0,92.0,156.0,59.93851852416992
2020-02-04,4199.0,93.16000366210938,177.41200256347656,61.63444137573242
2020-02-05,4210.0,93.9800033569336,146.94000244140625,62.539764404296875
2020-02-06,4245.0,92.5199966430664,149.79200744628906,63.41017532348633
2020-02-07,4215.0,91.58999633789062,149.61399841308594,62.746768951416016
2020-02-10,4280.0,89.94999694824219,154.25599670410156,65.5849609375
2020-02-11,4370.0,91.0,154.87600708007812,66.81199645996094
2020-02-12,4496.0,91.66000366210938,153.45799255371094,67.97171783447266
2020-02-13,4447.0,91.61000061035156,160.8000030517578,67.53277587890625
2020-02-14,4486.0,91.87000274658203,160.00599670410156,72.27388763427734
2020-02-17,4492.0,,,
2020-02-18,4412.0,91.16000366210938,171.67999267578125,73.96482849121094
2020-02-19,4438.0,90.83000183105469,183.48399353027344,78.48646545410156
2020-02-20,4439.0,90.51000213623047,179.8820037841797,76.99006652832031
2020-02-21,4407.0,90.6500015258789,180.1999969482422,73.34132385253906
2020-02-24,3908.0,79.05999755859375,166.75799560546875,68.15626525878906
2020-02-25,3784.0,77.83999633789062,159.98199462890625,65.35549926757812
2020-02-26,3715.0,75.72000122070312,155.75999450683594,66.75214385986328
2020-02-27,3494.0,73.01000213623047,135.8000030517578,63.036346435546875
2020-02-28,3415.0,71.68000030517578,133.59800720214844,67.39598846435547
2020-03-02,3324.0,70.22000122070312,148.7239990234375,68.98312377929688
2020-03-03,3385.0,70.58000183105469,149.1020050048828,66.35287475585938
2020-03-04,3487.0,71.47000122070312,149.89999389648438,70.9994888305664
2020-03-05,3350.0,67.47000122070312,144.9080047607422,68.19953918457031
2020-03-06,3451.0,68.86000061035156,140.6959991455078,66.39028930664062
2020-03-09,3356.0,68.0,121.5999984741211,61.249568939208984
2020-03-10,3376.0,73.54000091552734,129.0659942626953,65.15252685546875
2020-03-11,3112.0,69.0999984741211,126.84600067138672,61.50660705566406
2020-03-12,2657.0,64.7699966430664,112.11000061035156,53.98017883300781
2020-03-13,2735.0,66.61000061035156,109.3239974975586,60.10163497924805
2020-03-16,2196.0,53.2400016784668,89.01399993896484,49.011634826660156
2020-03-17,2411.0,52.66999816894531,86.04000091552734,54.219749450683594
2020-03-18,2055.0,47.5099983215332,72.24400329589844,50.61374282836914
2020-03-19,2006.0,49.560001373291016,85.52799987792969,53.14667510986328
2020-03-20,2278.0,49.5,85.50599670410156,51.34492492675781
2020-03-23,2036.0,49.099998474121094,86.85800170898438,53.07680130004883
2020-03-24,2349.0,55.75,101.0,62.182884216308594
2020-03-25,2220.0,61.0,107.8499984741211,61.29448699951172
2020-03-26,2423.0,59.290000915527344,105.63200378417969,64.19425201416016
2020-03-27,2283.0,54.5,102.87200164794922,63.06878662109375
2020-03-30,2129.0,54.119998931884766,100.4260025024414,66.27800750732422
2020-03-31,2307.0,53.09000015258789,104.80000305175781,65.78140258789062
2020-04-01,2098.0,50.56999969482422,96.31199645996094,60.65813446044922
2020-04-02,2162.0,50.20000076293945,90.89399719238281,63.75255584716797
2020-04-03,2168.0,50.119998931884766,96.00199890136719,60.86775588989258
2020-04-06,2366.0,57.11000061035156,103.24800109863281,66.97924041748047
2020-04-07,2696.0,59.68000030517578,109.08999633789062,64.64095306396484
2020-04-08,2692.0,58.29999923706055,109.76799774169922,66.61740112304688
2020-04-09,2736.0,58.47999954223633,114.5999984741211,65.61919403076172
2020-04-14,2674.0,57.119998931884766,141.97799682617188,70.8597412109375
2020-04-15,2456.0,56.84000015258789,145.96600341796875,70.08362579345703
2020-04-16,2470.0,54.52000045776367,149.04200744628906,73.54241180419922
2020-04-17,2744.0,59.7599983215332,150.7779998779297,72.94847106933594
2020-04-20,2708.0,58.689998626708984,149.27200317382812,71.63333892822266
2020-04-21,2730.0,55.810001373291016,137.343994140625,67.25623321533203
2020-04-22,2680.0,55.52000045776367,146.4219970703125,71.40875244140625
2020-04-23,2606.0,54.36000061035156,141.12600708007812,70.87471771240234
2020-04-24,2662.0,56.779998779296875,145.02999877929688,72.26720428466797
2020-04-27,2718.0,58.5,159.75,74.1363296508789
2020-04-28,2716.0,58.849998474121094,153.82400512695312,72.70890808105469
2020-04-29,2944.0,64.66000366210938,160.1020050048828,74.480712890625
2020-04-30,2874.0,63.470001220703125,156.37600708007812,72.93849182128906
2020-05-01,2792.0,58.2599983215332,140.26400756835938,70.56776428222656
2020-05-04,2610.0,57.33000183105469,152.23800659179688,72.69143676757812
2020-05-05,2620.0,57.619998931884766,153.64199829101562,73.30284118652344
2020-05-06,2674.0,56.47999954223633,156.51600646972656,74.31351470947266
2020-05-07,2690.0,56.369998931884766,156.00799560546875,76.08032989501953
2020-05-11,2694.0,54.56999969482422,162.25799560546875,80.50984191894531
2020-05-12,2800.0,55.2400016784668,161.8820037841797,77.88457489013672
2020-05-13,2652.0,52.290000915527344,158.19200134277344,77.65998077392578
2020-05-14,2626.0,49.90999984741211,160.66600036621094,80.16046905517578
2020-05-15,2604.0,49.75,159.83399963378906,84.75468444824219
2020-05-18,2876.0,58.209999084472656,162.7259979248047,87.34502410888672
2020-05-19,2892.0,59.75,161.6020050048828,87.89651489257812
2020-05-20,2980.0,61.06999969482422,163.11199951171875,89.53856658935547
2020-05-21,3016.0,64.11000061035156,165.52000427246094,87.59456634521484
2020-05-22,2998.0,63.70000076293945,163.37600708007812,90.10005187988281
2020-05-26,3374.0,70.52999877929688,163.7740020751953,87.02059936523438
2020-05-27,3318.0,70.76000213623047,164.04600524902344,85.09907531738281
2020-05-28,3250.0,71.01000213623047,161.16200256347656,84.7172622680664
2020-05-29,3280.0,71.7699966430664,167.0,88.59526062011719
2020-06-01,3432.0,73.48999786376953,179.6199951171875,87.90401458740234
2020-06-02,3424.0,75.66999816894531,176.31199645996094,88.09366607666016
2020-06-03,3656.0,79.52999877929688,176.5919952392578,87.53717041015625
2020-06-04,3540.0,80.54000091552734,172.87600708007812,87.54716491699219
2020-06-05,3586.0,79.72000122070312,177.1320037841797,89.08009338378906
2020-06-08,3602.0,80.9800033569336,189.98399353027344,87.93164825439453
2020-06-09,3538.0,77.62000274658203,188.13400268554688,90.33840942382812
2020-06-10,3372.0,75.48999786376953,205.00999450683594,93.54159545898438
2020-06-11,3104.0,70.87000274658203,194.5679931640625,87.8442611694336
2020-06-12,3220.0,70.95999908447266,187.05599975585938,89.2049331665039
2020-06-15,3180.0,70.80000305175781,198.17999267578125,91.61418151855469
2020-06-16,3270.0,70.31999969482422,196.42599487304688,90.56309509277344
2020-06-17,3316.0,70.36000061035156,198.35800170898438,92.23585510253906
2020-06-18,3358.0,71.80999755859375,200.79200744628906,92.05609130859375
2020-06-19,3418.0,70.97000122070312,200.17999267578125,92.4880142211914
2020-06-22,3394.0,70.12999725341797,198.86399841308594,95.13944244384766
2020-06-23,3358.0,71.37999725341797,200.3560028076172,94.37296295166016
2020-06-24,3212.0,66.56999969482422,192.1699981689453,92.2308578491211
2020-06-25,3224.0,67.0999984741211,197.1959991455078,94.77243041992188
2020-06-26,3140.0,65.30000305175781,191.947998046875,91.42694854736328
2020-06-29,3312.0,67.56999969482422,201.8699951171875,91.87632751464844
2020-06-30,3336.0,66.33999633789062,215.96200561523438,94.8498306274414
2020-07-01,3342.0,65.45999908447266,223.92599487304688,95.1718978881836
2020-07-02,3344.0,66.72000122070312,241.73199462890625,95.99329376220703
2020-07-03,3408.0,,,
2020-07-06,3470.0,68.55999755859375,274.3160095214844,98.26023864746094
2020-07-07,3392.0,66.93000030517578,277.97198486328125,98.58480834960938
2020-07-08,3228.0,66.20999908447266,273.1759948730469,102.02267456054688
2020-07-09,3256.0,64.05999755859375,278.8559875488281,104.94873809814453
2020-07-10,3284.0,66.36000061035156,308.92999267578125,104.6516342163086
2020-07-13,3298.0,66.66000366210938,299.4119873046875,100.38737487792969
2020-07-14,3272.0,67.93000030517578,303.3599853515625,103.6305160522461
2020-07-15,3442.0,73.63999938964844,309.2019958496094,102.13502502441406
2020-07-16,3396.0,71.75,300.12799072265625,101.2112808227539
2020-07-17,3340.0,71.0,300.1679992675781,101.87786865234375
2020-07-20,3324.0,71.70999908447266,328.6000061035156,104.9662094116211
2020-07-21,3422.0,71.87000274658203,313.6719970703125,103.14617156982422
2020-07-22,3424.0,72.25,318.46600341796875,104.24718475341797
2020-07-23,3504.0,74.04000091552734,302.614013671875,101.16133117675781
2020-07-24,3454.0,73.55999755859375,283.3999938964844,101.8079605102539
2020-07-27,3300.0,73.0,307.9200134277344,104.07491302490234
2020-07-28,3398.0,76.98999786376953,295.2980041503906,102.0176773071289
2020-07-29,3510.0,76.0,299.8219909667969,104.51432800292969
2020-07-30,3300.0,76.0,297.49798583984375,105.99732208251953
2020-07-31,3216.0,75.0,286.1520080566406,106.00481414794922
2020-08-03,3176.0,74.75,297.0,109.95449829101562
2020-08-04,3276.0,75.37999725341797,297.3999938964844,112.12657165527344
2020-08-05,3328.0,77.66000366210938,297.0039978027344,112.71578216552734
2020-08-06,3356.0,77.87999725341797,297.9159851074219,113.20262145996094
2020-08-07,3412.0,77.23999786376953,290.5419921875,111.8444595336914
2020-08-10,3466.0,78.72000122070312,283.7139892578125,111.49993133544922
2020-08-11,3712.0,81.79000091552734,274.87799072265625,108.35415649414062
2020-08-12,3732.0,82.33000183105469,310.9519958496094,114.24871063232422
2020-08-13,3646.0,78.5999984741211,324.20001220703125,114.27618408203125
2020-08-14,3578.0,77.56999969482422,330.1419982910156,115.48455810546875
2020-08-17,3452.0,75.70999908447266,367.12799072265625,123.20417022705078
2020-08-18,3484.0,77.91000366210938,377.4179992675781,122.44268798828125
2020-08-19,3594.0,77.7300033569336,375.70599365234375,121.22183227539062
2020-08-20,3562.0,77.6500015258789,400.3659973144531,121.2468032836914
2020-08-21,3614.0,79.30000305175781,409.9960021972656,126.66451263427734
2020-08-24,3656.0,82.91999816894531,402.8399963378906,127.03150939941406
2020-08-25,3708.0,83.88999938964844,404.6679992675781,127.32861328125
2020-08-26,3750.0,84.37999725341797,430.6340026855469,127.55830383300781
2020-08-27,3818.0,86.4000015258789,447.75,126.11274719238281
2020-08-28,3888.0,86.0,442.67999267578125,131.30076599121094
2020-09-01,3742.0,81.73999786376953,475.04998779296875,138.06552124023438
2020-09-02,3590.0,80.05999755859375,447.3699951171875,143.31500244140625
2020-09-03,3684.0,80.75,407.0,130.01893615722656
2020-09-04,3700.0,83.20999908447266,418.32000732421875,126.0930404663086
2020-09-07,3570.0,,,
2020-09-08,3534.0,81.80999755859375,330.2099914550781,119.00545501708984
2020-09-09,3558.0,82.66000366210938,366.2799987792969,127.01707458496094
2020-09-10,3492.0,85.30000305175781,371.3399963378906,122.9887924194336
2020-09-11,3450.0,84.37999725341797,372.7200012207031,121.517822265625
2020-09-14,3502.0,86.97000122070312,419.6199951171875,128.5879364013672
2020-09-15,3574.0,85.83000183105469,449.760009765625,129.77420043945312
2020-09-16,3568.0,87.48999786376953,441.760009765625,125.01416015625
2020-09-17,3566.0,87.69000244140625,423.42999267578125,124.50470733642578
2020-09-18,3362.0,85.3499984741211,442.1499938964844,121.76506805419922
2020-09-21,3060.0,80.93000030517578,449.3900146484375,125.04164123535156
2020-09-22,3034.0,79.62000274658203,424.2300109863281,126.24537658691406
2020-09-23,3144.0,80.43000030517578,380.3599853515625,121.11076354980469
2020-09-24,3096.0,81.44000244140625,387.7900085449219,123.35090637207031
2020-09-25,3054.0,81.70999908447266,407.3399963378906,128.6029052734375
2020-09-28,3134.0,81.41000366210938,421.20001220703125,130.21372985839844
2020-09-29,3104.0,80.5199966430664,419.07000732421875,132.11923217773438
2020-09-30,3114.0,81.76000213623047,429.010009765625,135.16354370117188
2020-10-01,3174.0,81.98999786376953,448.1600036621094,136.00267028808594
2020-10-02,3168.0,81.58999633789062,415.0899963378906,130.48594665527344
2020-10-05,3188.0,82.25,425.67999267578125,136.2823944091797
2020-10-06,3336.0,85.4800033569336,413.9800109863281,137.22140502929688
2020-10-07,3268.0,87.36000061035156,425.29998779296875,139.4940185546875
2020-10-08,3312.0,88.58999633789062,425.9200134277344,138.24282836914062
2020-10-09,3262.0,86.73999786376953,434.0,137.48362731933594
2020-10-12,3262.0,87.02999877929688,442.29998779296875,142.11126708984375
2020-10-13,3180.0,85.69000244140625,446.6499938964844,142.3335418701172
2020-10-14,3220.0,86.18000030517578,461.29998779296875,140.80514526367188
2020-10-15,3204.0,83.66000366210938,448.8800048828125,139.553955078125
2020-10-16,3186.0,82.94999694824219,439.6700134277344,137.97061157226562
2020-10-19,3282.0,83.93000030517578,430.8299865722656,134.83639526367188
2020-10-20,3454.0,85.04000091552734,421.94000244140625,136.3123321533203
2020-10-21,3360.0,84.16000366210938,422.6400146484375,135.10610961914062
2020-10-22,3510.0,88.25,425.7900085449219,133.47032165527344
2020-10-23,3478.0,89.75,420.6300048828125,135.76043701171875
2020-10-26,3426.0,86.58999633789062,420.2799987792969,131.27511596679688
2020-10-27,3300.0,83.05000305175781,424.67999267578125,133.82745361328125
2020-10-28,3124.0,79.93000030517578,406.0199890136719,126.13799285888672
2020-10-29,3164.0,81.69000244140625,410.8299865722656,130.10385131835938
2020-10-30,3194.0,80.5999984741211,388.0400085449219,125.2089614868164
2020-11-02,3286.0,82.51000213623047,400.510009765625,125.67598724365234
2020-11-03,3452.0,85.44000244140625,423.8999938964844,130.05889892578125
2020-11-04,3492.0,87.12999725341797,420.9800109863281,137.7982940673828
2020-11-05,3620.0,87.04000091552734,438.0899963378906,141.45196533203125
2020-11-06,3662.0,88.0,429.95001220703125,145.46775817871094
2020-11-09,4226.0,104.45999908447266,421.260009765625,136.16500854492188
2020-11-10,4392.0,108.66000366210938,410.3599853515625,127.5665054321289
2020-11-11,4400.0,107.12000274658203,417.1300048828125,134.03973388671875
2020-11-12,4274.0,106.68000030517578,411.760009765625,134.42681884765625
2020-11-13,4370.0,102.8499984741211,408.5,132.83099365234375
2020-11-16,4450.0,105.37000274658203,408.0899963378906,135.01119995117188
2020-11-17,4410.0,104.36000061035156,441.6099853515625,134.08218383789062
2020-11-18,4500.0,103.87000274658203,486.6400146484375,134.14710998535156
2020-11-19,4432.0,104.54000091552734,499.2699890136719,134.26199340820312
2020-11-20,4558.0,105.69999694824219,489.6099853515625,130.74069213867188
2020-11-23,4544.0,105.62000274658203,521.8499755859375,131.26263427734375
2020-11-24,4600.0,105.93000030517578,555.3800048828125,129.44204711914062
2020-11-25,4602.0,105.37999725341797,574.0,132.20913696289062
2020-11-26,4570.0,,,
2020-11-27,4542.0,103.87000274658203,585.760009765625,132.47386169433594
2020-11-30,4502.0,103.7699966430664,567.5999755859375,133.87489318847656
2020-12-01,4576.0,105.86000061035156,584.760009765625,133.760009765625
2020-12-02,4576.0,106.5999984741211,568.8200073242188,135.30340576171875
2020-12-03,4786.0,109.58999633789062,593.3800048828125,133.8594970703125
2020-12-04,4824.0,116.30999755859375,599.0399780273438,135.48077392578125
2020-12-07,4884.0,117.63999938964844,641.760009765625,135.9654083251953
2020-12-08,4664.0,114.27999877929688,649.8800048828125,133.3998260498047
2020-12-09,4750.0,114.83000183105469,604.47998046875,129.21047973632812
2020-12-10,4730.0,113.0999984741211,627.0700073242188,129.6251678466797
2020-12-11,4690.0,106.91000366210938,609.989990234375,130.03485107421875
2020-12-14,4576.0,106.29000091552734,639.8300170898438,132.98764038085938
2020-12-15,4532.0,105.8499984741211,633.25,133.50474548339844
2020-12-16,4598.0,106.30999755859375,622.77001953125,132.32565307617188
2020-12-17,4668.0,108.6500015258789,655.9000244140625,133.31239318847656
2020-12-18,4534.0,109.0199966430664,695.0,132.6204071044922
2020-12-21,4370.0,104.18000030517578,649.8599853515625,133.2224578857422
2020-12-22,4384.0,104.19999694824219,640.3400268554688,132.68289184570312
2020-12-23,4614.0,108.48999786376953,645.97998046875,129.99488830566406
2020-12-24,4712.0,108.0,661.77001953125,129.8400115966797
2020-12-29,4690.0,111.9000015258789,665.989990234375,129.3353729248047
2020-12-30,4636.0,111.98999786376953,694.780029296875,131.35887145996094
2020-12-31,4564.0,109.9800033569336,705.6699829101562,130.45205688476562
2021-01-04,4474.0,105.33000183105469,729.77001953125,131.03660583496094
2021-01-05,4448.0,105.5,735.1099853515625,133.94692993164062
2021-01-06,4470.0,109.87999725341797,755.97998046875,126.05034637451172
2021-01-07,4360.0,108.16000366210938,816.0399780273438,133.3398895263672
2021-01-08,4252.0,107.58999633789062,880.02001953125,132.6678924560547
2021-01-11,4134.0,106.1500015258789,811.1900024414062,136.11279296875
2021-01-12,4124.0,107.87999725341797,849.4400024414062,134.746337890625
2021-01-13,4176.0,107.48999786376953,854.4099731445312,135.21595764160156
2021-01-14,4348.0,109.8499984741211,845.0,131.90345764160156
2021-01-15,4384.0,108.13999938964844,826.1599731445312,128.49850463867188
2021-01-18,4306.0,,,
2021-01-19,4450.0,106.1500015258789,844.5499877929688,130.15478515625
2021-01-20,4490.0,106.91000366210938,850.4500122070312,133.55722045898438
2021-01-21,4372.0,104.7300033569336,844.989990234375,138.57095336914062
2021-01-22,4278.0,104.9800033569336,846.6400146484375,137.02210998535156
2021-01-25,4092.0,100.27999877929688,880.7999877929688,136.4300537109375
2021-01-26,4184.0,100.30999755859375,883.0900268554688,134.25169372558594
2021-01-27,4204.0,95.47000122070312,864.1599731445312,129.08058166503906
2021-01-28,4402.0,98.94999694824219,835.4299926757812,130.41207885742188
2021-01-29,4368.0,95.06999969482422,793.530029296875,129.800048828125
2021-02-01,4414.0,96.62000274658203,839.8099975585938,132.27069091796875
2021-02-02,4616.0,99.12000274658203,872.7899780273438,135.46580505371094
2021-02-03,4788.0,102.20999908447266,854.6900024414062,135.2034912109375
2021-02-04,4764.0,103.8499984741211,849.989990234375,136.53997802734375
2021-02-05,4882.0,104.5199966430664,852.22998046875,135.80804443359375
2021-02-08,4810.0,106.20999908447266,863.4199829101562,144.27915954589844
2021-02-09,4734.0,104.05000305175781,849.4600219726562,142.52549743652344
2021-02-10,4698.0,102.76000213623047,804.8200073242188,147.53172302246094
2021-02-11,4680.0,103.38999938964844,811.6599731445312,152.39308166503906
2021-02-12,4818.0,104.86000061035156,816.1199951171875,149.500244140625
2021-02-15,4836.0,,,
2021-02-16,4838.0,106.73999786376953,796.219970703125,153.18748474121094
2021-02-17,4834.0,105.31999969482422,798.1500244140625,148.9481658935547
2021-02-18,4806.0,103.5,787.3800048828125,148.17874145507812
2021-02-19,4850.0,105.13999938964844,781.2999877929688,149.1529998779297
2021-02-22,5185.0,111.75,714.5,143.4497833251953
2021-02-23,5280.0,110.31999969482422,698.8400268554688,141.3138885498047
2021-02-24,5395.0,111.19999694824219,742.02001953125,144.8812255859375
2021-02-25,5300.0,108.81999969482422,682.219970703125,132.9751434326172
2021-02-26,5310.0,107.5199966430664,675.5,137.04209899902344
2021-03-01,5385.0,109.61000061035156,718.4299926757812,138.3136444091797
2021-03-02,5305.0,109.11000061035156,686.4400024414062,133.9619140625
2021-03-03,5330.0,111.05000305175781,653.2000122070312,127.951416015625
2021-03-04,5285.0,109.66000366210938,621.4400024414062,123.60968780517578
2021-03-05,4996.0,107.0199966430664,597.9500122070312,124.52149200439453
2021-03-08,5350.0,112.37000274658203,563.0,115.84552001953125
2021-03-09,5370.0,112.98999786376953,673.5800170898438,125.15174865722656
2021-03-10,5430.0,112.22000122070312,668.0599975585938,124.6319580078125
2021-03-11,5565.0,110.41000366210938,699.5999755859375,129.88232421875
2021-03-12,5500.0,110.30000305175781,693.72998046875,128.5078887939453
2021-03-15,5505.0,114.08999633789062,707.9400024414062,131.85903930664062
2021-03-16,5300.0,115.05999755859375,676.8800048828125,132.85862731933594
2021-03-17,5110.0,117.08000183105469,701.8099975585938,133.35841369628906
2021-03-18,5100.0,116.04000091552734,653.1599731445312,127.17342376708984
2021-03-19,4912.0,113.0,654.8699951171875,128.40542602539062
2021-03-22,4808.0,111.08000183105469,670.0,131.8090362548828
2021-03-23,4780.0,109.25,662.1599731445312,130.65452575683594
2021-03-24,4834.0,113.37999725341797,630.27001953125,126.37874603271484
2021-03-25,4776.0,114.12000274658203,640.3900146484375,125.30168151855469
2021-03-26,4812.0,114.2300033569336,618.7100219726562,128.34043884277344
2021-03-29,4750.0,112.20999908447266,611.2899780273438,129.4300079345703
2021-03-30,4966.0,114.0199966430664,635.6199951171875,128.6653289794922
2021-03-31,4822.0,115.0,667.9299926757812,133.4283905029297
2021-04-01,4976.0,115.73999786376953,661.75,138.06149291992188
2021-04-06,5090.0,114.12000274658203,691.6199951171875,138.55880737304688
2021-04-07,5122.0,112.37999725341797,670.969970703125,141.37767028808594
2021-04-08,4992.0,112.37999725341797,683.7999877929688,143.11196899414062
2021-04-09,4939.0,109.44999694824219,677.02001953125,143.94161987304688
2021-04-12,4829.0,106.02999877929688,701.97998046875,152.02835083007812
2021-04-13,4848.0,105.9000015258789,762.3200073242188,156.73143005371094
2021-04-14,4865.0,106.16999816894531,732.22998046875,152.70806884765625
2021-04-15,4906.0,105.41000366210938,738.8499755859375,161.30706787109375
2021-04-16,4962.0,107.48999786376953,739.780029296875,159.06048583984375
2021-04-19,4877.0,106.66999816894531,714.6300048828125,153.5552215576172
2021-04-20,4640.0,102.87999725341797,718.989990234375,151.65098571777344
2021-04-21,4605.0,104.58000183105469,744.1199951171875,153.542724609375
2021-04-22,4727.0,106.6500015258789,719.6900024414062,148.4423065185547
2021-04-23,4688.0,109.33000183105469,729.4000244140625,152.59060668945312
2021-04-26,4799.0,112.76000213623047,738.2000122070312,154.71725463867188
2021-04-27,4786.0,113.66000366210938,704.739990234375,153.75515747070312
2021-04-28,4782.0,114.56999969482422,694.4000244140625,152.70558166503906
2021-04-29,4767.0,118.0,677.0,153.18536376953125
2021-04-30,4901.0,116.8499984741211,709.4400024414062,150.03416442871094
2021-05-04,4816.0,116.29000091552734,673.5999755859375,143.45431518554688
2021-05-05,4888.0,117.37000274658203,670.9400024414062,144.52638244628906
2021-05-06,4903.0,119.3499984741211,663.5399780273438,145.17112731933594
2021-05-07,5038.0,119.45999908447266,672.3699951171875,148.06243896484375
2021-05-10,4911.0,120.1500015258789,629.0399780273438,142.59967041015625
2021-05-11,4733.0,117.76000213623047,617.2000122070312,143.00450134277344
2021-05-12,4684.0,117.72000122070312,589.8900146484375,137.5292205810547
2021-05-13,4661.0,114.54000091552734,571.6900024414062,136.5970916748047
2021-05-14,4712.0,115.91000366210938,589.739990234375,142.37225341796875
2021-05-17,4586.0,113.62000274658203,576.8300170898438,141.59756469726562
2021-05-18,4586.0,113.62000274658203,577.8699951171875,140.10069274902344
2021-05-19,4526.0,113.43000030517578,563.4600219726562,140.60047912597656
2021-05-20,4535.0,113.33999633789062,586.780029296875,146.06576538085938
2021-05-21,4545.0,115.63999938964844,580.8800048828125,149.85671997070312
2021-05-24,4582.0,114.33999633789062,606.4400024414062,156.05670166015625
2021-05-25,4660.0,114.01000213623047,604.6900024414062,156.4140625
2021-05-26,4693.0,113.72000122070312,619.1300048828125,156.9363555908203
2021-05-27,4800.0,115.58999633789062,630.8499755859375,154.8172149658203
2021-05-28,4823.0,116.75,625.219970703125,162.379150390625
2021-06-01,4876.0,119.0,623.9000244140625,162.57907104492188
2021-06-02,4873.0,121.08999633789062,605.1199951171875,167.7144775390625
2021-06-03,4686.0,114.41999816894531,572.8400268554688,169.62869262695312
2021-06-04,4533.0,113.9800033569336,599.0499877929688,175.71124267578125
2021-06-07,4570.0,114.01000213623047,605.1300048828125,176.1185760498047
2021-06-08,4658.0,115.05999755859375,603.5900268554688,174.49923706054688
2021-06-09,4810.0,114.6500015258789,598.780029296875,173.55189514160156
2021-06-10,4723.0,112.87000274658203,610.1199951171875,174.2192840576172
2021-06-11,4786.0,113.68000030517578,609.8900146484375,178.2210693359375
2021-06-14,4700.0,112.33000183105469,617.6900024414062,180.15573120117188
2021-06-15,4720.0,112.93000030517578,599.3599853515625,177.8536376953125
2021-06-16,4789.0,112.33000183105469,604.8699951171875,178.0710906982422
2021-06-17,4837.0,112.9800033569336,616.5999755859375,186.5395965576172
2021-06-18,4932.0,110.30999755859375,623.3099975585938,186.35462951660156
2021-06-21,4979.0,111.95999908447266,620.8300170898438,184.24002075195312
2021-06-22,5016.0,110.80000305175781,623.7100219726562,188.83419799804688
2021-06-23,5074.0,110.02999877929688,656.5700073242188,190.5388946533203
2021-06-24,5078.0,110.51000213623047,679.8200073242188,192.02113342285156
2021-06-25,5018.0,109.33000183105469,671.8699951171875,190.2764434814453
2021-06-28,4745.0,106.69000244140625,688.719970703125,199.8147735595703
2021-06-29,4600.0,107.26000213623047,680.760009765625,200.23219299316406
2021-06-30,4669.0,108.20999908447266,679.7000122070312,199.98973083496094
2021-07-01,4730.0,109.61000061035156,677.9199829101562,202.08436584472656
2021-07-02,4825.0,111.18000030517578,678.9000244140625,204.83387756347656
2021-07-05,4888.0,,,
2021-07-06,4839.0,109.62000274658203,659.5800170898438,206.94850158691406
2021-07-07,4728.0,107.45999908447266,644.6500244140625,203.68157958984375
2021-07-08,4700.0,106.01000213623047,652.8099975585938,198.99240112304688
2021-07-09,4747.0,107.94999694824219,656.9500122070312,200.46714782714844
2021-07-12,4619.0,107.12000274658203,685.7000122070312,205.08883666992188
2021-07-13,4550.0,104.98999786376953,668.5399780273438,202.46429443359375
2021-07-14,4477.0,104.48999786376953,653.3800048828125,198.3800048828125
2021-07-15,4393.0,104.2300033569336,650.5999755859375,189.6290740966797
2021-07-16,4403.0,101.83999633789062,644.219970703125,181.57798767089844
2021-07-19,4168.0,97.83000183105469,646.219970703125,187.76438903808594
2021-07-20,4227.0,100.0999984741211,660.5,186.08717346191406
2021-07-21,4379.0,102.0999984741211,655.2899780273438,194.06578063964844
2021-07-22,4480.0,104.16000366210938,649.260009765625,195.90545654296875
2021-07-23,4550.0,104.5199966430664,643.3800048828125,195.54551696777344
2021-07-26,4620.0,107.23999786376953,657.6199951171875,192.90599060058594
2021-07-27,4659.0,108.93000030517578,644.780029296875,192.046142578125
2021-07-28,5030.0,110.95999908447266,646.97998046875,194.99560546875
2021-07-29,5036.0,109.19000244140625,677.3499755859375,196.5853271484375
2021-07-30,4950.0,109.04000091552734,687.2000122070312,194.95562744140625
2021-08-02,5074.0,109.12999725341797,709.6699829101562,197.46517944335938
2021-08-03,5046.0,109.30000305175781,709.739990234375,198.11505126953125
2021-08-04,5160.0,108.94999694824219,710.9199829101562,202.70425415039062
2021-08-05,5244.0,110.55000305175781,714.6300048828125,206.33360290527344
2021-08-06,5196.0,109.73999786376953,699.0999755859375,203.6240997314453
2021-08-09,5134.0,107.83999633789062,713.760009765625,202.91421508789062
2021-08-10,5132.0,109.80000305175781,709.989990234375,199.32484436035156
2021-08-11,5162.0,111.55999755859375,707.8200073242188,196.9552764892578
2021-08-12,5134.0,108.93000030517578,722.25,199.01490783691406
2021-08-13,5108.0,108.0,717.1699829101562,201.8444061279297
2021-08-16,5000.0,107.62999725341797,686.1699829101562,199.46482849121094
2021-08-17,4921.0,106.79000091552734,665.7100219726562,194.5457000732422
2021-08-18,5000.0,105.54000091552734,688.989990234375,190.36642456054688
2021-08-19,5008.0,105.19999694824219,673.469970703125,197.94508361816406
2021-08-20,4862.0,105.0999984741211,680.260009765625,208.12330627441406
2021-08-23,4942.0,107.91999816894531,706.2999877929688,219.54129028320312
2021-08-24,5096.0,108.52999877929688,708.489990234375,217.89157104492188
2021-08-25,5176.0,109.43000030517578,711.2000122070312,222.09083557128906
2021-08-26,4980.0,108.72000122070312,701.1599731445312,220.64108276367188
2021-08-27,4985.0,108.36000061035156,711.9199829101562,226.32008361816406
2021-08-31,4860.0,107.69999694824219,735.719970703125,223.85000610351562
2021-09-01,4933.0,107.80000305175781,734.0900268554688,224.41000366210938
2021-09-02,5020.0,107.11000061035156,732.3900146484375,223.9600067138672
2021-09-03,4941.0,108.11000061035156,733.5700073242188,228.42999267578125
2021-09-06,5010.0,,,
2021-09-07,4933.0,108.13999938964844,752.9199829101562,226.6199951171875
2021-09-08,4975.0,107.08000183105469,753.8699951171875,223.38999938964844
2021-09-09,4913.0,107.45999908447266,754.8599853515625,221.77000427246094
2021-09-10,4721.0,105.4000015258789,736.27001953125,224.77999877929688
2021-09-13,4806.0,105.8499984741211,743.0,221.52000427246094
2021-09-14,4779.0,104.87999725341797,744.489990234375,222.4199981689453
2021-09-15,4694.0,106.0,755.8300170898438,223.41000366210938
2021-09-16,4928.0,114.37999725341797,756.989990234375,222.4199981689453
2021-09-17,5056.0,115.37000274658203,759.489990234375,219.0
2021-09-20,5126.0,114.0999984741211,730.1699829101562,211.1300048828125
2021-09-21,5122.0,112.01000213623047,739.3800048828125,212.4600067138672
2021-09-22,5192.0,110.81999969482422,751.9400024414062,219.41000366210938
2021-09-23,5110.0,113.11000061035156,753.6400146484375,224.82000732421875
2021-09-24,5124.0,114.43000030517578,774.3900146484375,220.80999755859375
2021-09-27,5398.0,113.61000061035156,791.3599853515625,216.60000610351562
2021-09-28,5238.0,111.55999755859375,777.5599975585938,206.99000549316406
2021-09-29,5262.0,113.37999725341797,781.3099975585938,205.1699981689453
2021-09-30,5014.0,110.05999755859375,775.47998046875,207.16000366210938
2021-10-01,5214.0,117.52999877929688,775.219970703125,207.4199981689453
2021-10-04,5120.0,115.98999786376953,781.530029296875,197.32000732421875
2021-10-05,5018.0,114.86000061035156,780.5900268554688,204.50999450683594
2021-10-06,4862.0,111.79000091552734,782.75,207.0
2021-10-07,4812.0,115.05999755859375,793.6099853515625,210.75
2021-10-08,4762.0,115.80000305175781,785.489990234375,208.30999755859375
2021-10-11,4771.0,115.37000274658203,791.9400024414062,206.9499969482422
2021-10-12,4588.0,113.94000244140625,805.719970703125,206.7100067138672
2021-10-13,4507.0,112.87999725341797,811.0800170898438,209.38999938964844
2021-10-14,4583.0,116.97000122070312,818.3200073242188,217.4600067138672
2021-10-15,4658.0,117.73999786376953,843.030029296875,218.6199951171875
2021-10-18,4519.0,114.56999969482422,870.1099853515625,222.22000122070312
2021-10-19,4461.0,111.81999969482422,864.27001953125,222.89999389648438
2021-10-20,4321.0,109.33000183105469,865.7999877929688,221.02999877929688
2021-10-21,4459.0,108.4000015258789,894.0,226.9199981689453
2021-10-22,4465.0,108.41000366210938,909.6799926757812,227.25999450683594
2021-10-25,4476.0,109.86000061035156,1024.8599853515625,231.66000366210938
2021-10-26,4559.0,109.04000091552734,1018.4299926757812,247.1699981689453
2021-10-27,4604.0,108.61000061035156,1037.8599853515625,244.50999450683594
2021-10-28,4630.0,110.66999816894531,1077.0400390625,249.41000366210938
2021-10-29,4621.0,113.51000213623047,1114.0,255.6699981689453
2021-11-01,4674.0,116.2699966430664,1208.5899658203125,258.2699890136719
2021-11-02,4705.0,118.33000183105469,1172.0,264.010009765625
2021-11-03,4817.0,121.05000305175781,1213.8599853515625,265.9800109863281
2021-11-04,4720.0,120.25,1229.9100341796875,298.010009765625
2021-11-05,4835.0,123.86000061035156,1222.0899658203125,297.5199890136719
2021-11-08,4882.0,126.12000274658203,1162.93994140625,308.0400085449219
2021-11-09,4939.0,122.01000213623047,1023.5,306.57000732421875
2021-11-10,4836.0,120.95999908447266,1067.949951171875,294.5899963378906
2021-11-11,4853.0,117.20999908447266,1063.510009765625,303.8999938964844
2021-11-12,4775.0,114.12000274658203,1033.4200439453125,303.8999938964844
2021-11-15,4765.0,114.62999725341797,1013.3900146484375,300.25
2021-11-16,4647.0,114.66000366210938,1054.72998046875,302.0299987792969
2021-11-17,4440.0,112.58000183105469,1089.010009765625,292.6099853515625
2021-11-18,4376.0,110.86000061035156,1096.3800048828125,316.75
2021-11-19,4173.0,105.88999938964844,1137.06005859375,329.8500061035156
2021-11-22,4184.0,102.75,1156.8699951171875,319.55999755859375
2021-11-23,4300.0,104.0,1109.030029296875,317.4599914550781
2021-11-24,4352.0,103.80000305175781,1116.0,326.739990234375
2021-11-25,4399.0,,,
2021-11-26,3729.0,100.0,1081.9200439453125,315.0299987792969
2021-11-29,3958.012451171875,,,
