Date,Security,EX,Close,PrevClose,Cha,Open,High,Low,Avg,Volume,Turnover,Trns,RSI,Return,DilutedPrice
2019-11-06,EXPON0000,,5.20,5.30,-0.10,5.30,5.30,5.10,5.22,"124810","651793",22,50.00,-1.88,5.20
2019-11-07,EXPON0000,,5.10,5.20,-0.10,5.20,5.20,5.10,5.12,"131400","672210",27,44.39,-1.92,5.10
2019-11-08,EXPON0000,,5.10,5.10,0.00,5.10,5.10,5.00,5.06,"54708","277061",23,44.39,0.00,5.10
2019-11-13,EXPON0000,,5.20,5.10,0.10,5.10,5.20,5.00,5.11,"53140","271561",19,55.61,1.96,5.20
2019-11-14,EXPON0000,,5.00,5.20,-0.20,5.20,5.20,5.00,5.03,"253300","1274441",69,45.48,-3.84,5.00
2019-11-15,EXPON0000,,5.10,5.00,0.10,5.10,5.20,5.00,5.11,"584520","2984802",41,45.48,2.00,5.10
2019-11-18,EXPON0000,,5.00,5.10,-0.10,5.30,5.30,5.00,5.10,"1283793","6546127",111,41.66,-1.96,5.00
2019-11-19,EXPON0000,,5.20,5.00,0.20,5.00,5.20,5.00,5.11,"128002","653731",36,53.88,4.00,5.20
2019-11-20,EXPON0000,,5.20,5.20,0.00,5.20,5.20,5.00,5.13,"164820","845913",34,50.00,0.00,5.20
2019-11-21,EXPON0000,,5.20,5.20,0.00,5.00,5.20,5.00,5.04,"65220","328564",31,50.00,0.00,5.20
2019-11-22,EXPON0000,,5.10,5.20,-0.10,5.20,5.20,5.00,5.10,"94644","482772",30,46.12,-1.92,5.10
2019-11-25,EXPON0000,,5.20,5.10,0.10,5.20,5.20,5.00,5.12,"50438","258378",11,53.88,1.96,5.20
2019-11-26,EXPON0000,,5.20,5.20,0.00,5.10,5.20,5.10,5.16,"11304","58281",13,50.00,0.00,5.20
2019-11-27,EXPON0000,,5.20,5.20,0.00,5.10,5.20,5.10,5.10,"26603","135686",11,45.48,0.00,5.20
2019-11-28,EXPON0000,,5.30,5.20,0.10,5.20,5.30,5.10,5.25,"585377","3075077",65,54.52,1.92,5.30
2019-11-29,EXPON0000,,5.20,5.30,-0.10,5.20,5.20,5.00,5.16,"927275","4782015",53,54.52,-1.88,5.20
2019-12-02,EXPON0000,,5.20,5.20,0.00,5.20,5.30,5.20,5.20,"41331","214922",14,54.52,0.00,5.20
2019-12-03,EXPON0000,,5.20,5.20,0.00,5.20,5.30,5.10,5.20,"512879","2666473",22,50.00,0.00,5.20
2019-12-04,EXPON0000,,5.20,5.20,0.00,5.20,5.20,5.10,5.20,"1133712","5890301",26,62.52,0.00,5.20
2019-12-05,EXPON0000,,5.10,5.20,-0.10,5.20,5.20,5.00,5.07,"599689","3039315",33,50.00,-1.92,5.10
2019-12-06,EXPON0000,,5.10,5.10,0.00,5.10,5.10,5.00,5.01,"1028055","5146855",55,57.11,0.00,5.10
2019-12-09,EXPON0000,,5.10,5.10,0.00,5.20,5.20,5.00,5.07,"5760","29186",10,39.89,0.00,5.10
2019-12-10,EXPON0000,,5.10,5.10,0.00,5.00,5.10,5.00,5.00,"21141","105769",8,39.89,0.00,5.10
2019-12-12,EXPON0000,,5.20,5.10,0.10,5.00,5.20,5.00,5.17,"63727","329769",7,50.00,1.96,5.20
2019-12-13,EXPON0000,,5.10,5.20,-0.10,5.10,5.10,5.00,5.10,"153015","780055",31,50.00,-1.92,5.10
2019-12-16,EXPON0000,,5.00,5.10,-0.10,5.00,5.10,5.00,5.00,"526686","2633489",51,33.26,-1.96,5.00
2019-12-17,EXPON0000,,5.00,5.00,0.00,5.00,5.00,5.00,5.00,"51735","258675",4,33.26,0.00,5.00
2019-12-18,EXPON0000,,5.10,5.00,0.10,5.10,5.10,5.00,5.00,"60818","304362",10,42.89,2.00,5.10
2019-12-19,EXPON0000,,5.10,5.10,0.00,5.10,5.10,5.00,5.09,"7730","39323",10,33.26,0.00,5.10
2019-12-20,EXPON0000,,4.90,5.10,-0.20,5.00,5.00,4.80,4.94,"1094755","5405499",94,28.46,-3.92,4.90
2019-12-23,EXPON0000,,4.90,4.90,0.00,4.90,4.90,4.80,4.90,"73100","358155",54,28.46,0.00,4.90
2019-12-24,EXPON0000,,4.90,4.90,0.00,5.00,5.00,4.90,4.90,"29856","146295",30,28.46,0.00,4.90
2019-12-26,EXPON0000,,5.00,4.90,0.10,5.00,5.00,4.90,4.95,"25254","125016",31,37.48,2.04,5.00
2019-12-27,EXPON0000,,5.00,5.00,0.00,4.90,5.00,4.90,4.90,"45102","221060",16,42.89,0.00,5.00
2019-12-30,EXPON0000,,5.00,5.00,0.00,5.00,5.10,4.80,5.00,"56035","280203",29,42.89,0.00,5.00
2019-12-31,EXPON0000,,5.10,5.00,0.10,5.00,5.10,4.90,4.91,"51555","253224",12,50.00,2.00,5.10
2020-01-02,EXPON0000,,5.10,5.10,0.00,5.00,5.10,4.80,4.97,"36620","182100",19,50.00,0.00,5.10
2020-01-03,EXPON0000,,4.90,5.10,-0.20,5.00,5.10,4.90,4.91,"17703","86875",9,33.33,-3.92,4.90
2020-01-06,EXPON0000,,5.00,4.90,0.10,4.90,5.10,4.90,4.94,"4540","22444",6,44.39,2.04,5.00
2020-01-07,EXPON0000,,4.90,5.00,-0.10,4.90,5.00,4.90,4.90,"12656","62024",12,44.39,-2.00,4.90
2020-01-08,EXPON0000,,4.70,4.90,-0.20,4.90,4.90,4.70,4.72,"132333","624680",43,36.31,-4.08,4.70
2020-01-09,EXPON0000,,4.80,4.70,0.10,4.90,4.90,4.80,4.90,"34209","167524",16,36.31,2.12,4.80
2020-01-13,EXPON0000,,5.00,4.80,0.20,4.90,5.00,4.90,4.94,"41101","202955",10,46.12,4.16,5.00
2020-01-14,EXPON0000,,5.00,5.00,0.00,5.00,5.00,4.80,4.90,"2111","10335",7,54.52,0.00,5.00
2020-01-16,EXPON0000,,5.00,5.00,0.00,5.00,5.00,5.00,5.00,"10111","50555",6,54.52,0.00,5.00
2020-01-17,EXPON0000,,4.80,5.00,-0.20,4.90,4.90,4.80,4.80,"6188","29703",13,46.12,-4.00,4.80
2020-01-20,EXPON0000,,4.90,4.80,0.10,4.90,4.90,4.90,4.90,"1026","5027",3,46.12,2.08,4.90
2020-01-21,EXPON0000,,4.90,4.90,0.00,4.90,4.90,4.80,4.83,"83001","401005",21,46.12,0.00,4.90
2020-01-22,EXPON0000,,5.00,4.90,0.10,5.00,5.00,4.90,4.97,"20271","100828",12,50.00,2.04,5.00
2020-01-23,EXPON0000,,4.90,5.00,-0.10,4.90,5.00,4.80,4.91,"168733","829282",20,42.84,-2.00,4.90
2020-01-24,EXPON0000,,4.90,4.90,0.00,4.90,5.00,4.90,4.90,"152612","747849",11,42.84,0.00,4.90
2020-01-27,EXPON0000,,4.80,4.90,-0.10,4.90,4.90,4.80,4.81,"120000","576760",30,46.12,-2.04,4.80
2020-01-28,EXPON0000,,4.80,4.80,0.00,4.80,4.80,4.70,4.79,"6990","33462",5,41.66,0.00,4.80
2020-01-29,EXPON0000,,4.80,4.80,0.00,4.80,4.90,4.80,4.82,"2503","12065",8,45.48,0.00,4.80
2020-01-30,EXPON0000,,4.90,4.80,0.10,4.80,4.90,4.70,4.82,"44713","215639",22,60.03,2.08,4.90
2020-01-31,EXPON0000,,4.90,4.90,0.00,4.90,4.90,4.90,4.90,"1100","5390",2,55.61,0.00,4.90
2020-02-03,EXPON0000,,4.90,4.90,0.00,4.90,4.90,4.80,4.82,"33183","159797",21,42.89,0.00,4.90
2020-02-05,EXPON0000,,4.90,4.90,0.00,4.80,4.90,4.80,4.80,"50804","243910",11,42.89,0.00,4.90
2020-02-06,EXPON0000,,4.80,4.90,-0.10,4.80,4.90,4.80,4.80,702,"3370",3,37.48,-2.04,4.80
2020-02-07,EXPON0000,,4.80,4.80,0.00,4.80,4.90,4.70,4.80,"35716","171498",27,50.00,0.00,4.80
2020-02-10,EXPON0000,,4.70,4.80,-0.10,4.80,4.80,4.70,4.75,"14182","67399",14,33.26,-2.08,4.70
2020-02-11,EXPON0000,,4.70,4.70,0.00,4.70,4.80,4.70,4.70,"179378","843181",45,33.26,0.00,4.70
2020-02-12,EXPON0000,,4.60,4.70,-0.10,4.70,4.70,4.60,4.60,"172226","792390",46,16.59,-2.12,4.60
2020-02-13,EXPON0000,,4.40,4.60,-0.20,4.60,4.60,4.40,4.44,"246065","1092892",68,14.23,-4.34,4.40
2020-02-14,EXPON0000,,4.40,4.40,0.00,4.50,4.50,4.40,4.42,"12288","54374",23,14.23,0.00,4.40
2020-02-17,EXPON0000,,4.50,4.40,0.10,4.40,4.50,4.40,4.49,"2292","10297",8,28.46,2.27,4.50
2020-02-18,EXPON0000,,4.50,4.50,0.00,4.40,4.50,4.40,4.48,"29250","130899",12,28.46,0.00,4.50
2020-02-19,EXPON0000,,4.40,4.50,-0.10,4.50,4.50,4.40,4.40,"75638","332818",32,24.91,-2.22,4.40
2020-02-20,EXPON0000,,4.20,4.40,-0.20,4.40,4.40,4.10,4.25,"323157","1373082",118,11.06,-4.54,4.20
2020-02-24,EXPON0000,,4.00,4.20,-0.20,4.20,4.20,4.00,4.07,"104500","425328",58,9.04,-4.76,4.00
2020-02-25,EXPON0000,,4.00,4.00,0.00,4.10,4.20,4.00,4.01,"236959","950299",75,9.04,0.00,4.00
2020-02-26,EXPON0000,,3.90,4.00,-0.10,4.00,4.00,3.90,3.93,"218375","859100",49,8.29,-2.50,3.90
2020-02-27,EXPON0000,,3.90,3.90,0.00,3.80,4.00,3.80,3.96,"54130","214606",25,9.04,0.00,3.90
2020-02-28,EXPON0000,,3.80,3.90,-0.10,4.00,4.00,3.80,3.81,"124816","476057",62,8.29,-2.56,3.80
2020-03-02,EXPON0000,,3.50,3.80,-0.30,3.70,3.80,3.50,3.52,"4903310","17235225",431,7.11,-7.89,3.50
2020-03-03,EXPON0000,,3.50,3.50,0.00,3.60,3.60,3.50,3.51,"1448168","5084910",178,7.11,0.00,3.50
2020-03-04,EXPON0000,,3.50,3.50,0.00,3.50,3.50,3.40,3.50,"363949","1272622",53,7.65,0.00,3.50
2020-03-05,EXPON0000,,3.50,3.50,0.00,3.50,3.50,3.40,3.41,"78120","266220",26,9.04,0.00,3.50
2020-03-06,EXPON0000,,3.30,3.50,-0.20,3.50,3.50,3.20,3.33,"640571","2133736",107,7.65,-5.71,3.30
2020-03-10,EXPON0000,,3.00,3.30,-0.30,3.30,3.30,2.90,3.02,"802722","2424454",132,0.00,-9.09,3.00
2020-03-11,EXPON0000,,3.00,3.00,0.00,3.10,3.20,3.00,3.00,"2495245","7493291",218,0.00,0.00,3.00
2020-03-12,EXPON0000,,2.70,3.00,-0.30,3.00,3.00,2.70,2.77,"1448058","4008328",204,0.00,-10.00,2.70
2020-03-13,EXPON0000,,2.40,2.70,-0.30,2.70,2.70,2.30,2.42,"8176538","19820129",276,0.00,-11.11,2.40
2020-03-20,EXPON0000,,2.00,2.40,-0.40,2.30,2.30,1.80,1.97,"3097511","6095409",156,0.00,-16.66,2.00
2020-05-11,EXPON0000,,2.00,2.00,0.00,2.00,2.00,2.00,2.00,"83258","166516",14,0.00,0.00,2.00
2020-05-12,EXPON0000,,1.80,2.00,-0.20,1.90,1.90,1.70,1.74,"4013912","6993938",195,0.00,-10.00,1.80
2020-05-13,EXPON0000,,2.10,1.80,0.30,1.90,2.20,1.80,2.02,"4786778","9653505",160,12.49,16.66,2.10
2020-05-14,EXPON0000,,2.40,2.10,0.30,2.10,2.50,2.10,2.40,"2236001","5356518",175,23.06,14.28,2.40
2020-05-15,EXPON0000,,2.40,2.40,0.00,2.60,2.60,2.40,2.45,"1770395","4343381",133,26.07,0.00,2.40
2020-05-18,EXPON0000,,2.50,2.40,0.10,2.50,2.60,2.40,2.51,"2955279","7416920",183,29.17,4.16,2.50
2020-05-19,EXPON0000,,2.50,2.50,0.00,2.60,2.60,2.40,2.51,"17497074","43898912",215,29.17,0.00,2.50
2020-05-20,EXPON0000,,2.40,2.50,-0.10,2.60,2.60,2.40,2.47,"1671059","4129722",139,28.01,-4.00,2.40
2020-05-21,EXPON0000,,2.60,2.40,0.20,2.50,2.70,2.40,2.55,"5775607","14701197",246,35.99,8.33,2.60
2020-05-22,EXPON0000,,2.50,2.60,-0.10,2.70,2.70,2.50,2.58,"3845101","9938238",202,39.10,-3.84,2.50
2020-05-26,EXPON0000,,2.50,2.50,0.00,2.60,2.60,2.40,2.51,"894589","2245784",111,39.10,0.00,2.50
2020-05-27,EXPON0000,,2.50,2.50,0.00,2.50,2.50,2.40,2.46,"1138746","2806365",76,44.99,0.00,2.50
2020-05-28,EXPON0000,,2.60,2.50,0.10,2.50,2.80,2.40,2.58,"77605324","200421256",804,55.56,4.00,2.60
2020-05-29,EXPON0000,,2.60,2.60,0.00,2.70,2.70,2.60,2.62,"7965356","20834038",287,71.47,0.00,2.60
2020-06-01,EXPON0000,,2.50,2.60,-0.10,2.70,2.70,2.50,2.50,"11425436","28579430",174,66.67,-3.84,2.50
2020-06-02,EXPON0000,,2.60,2.50,0.10,2.60,2.70,2.50,2.51,"170381019","426931900",235,78.58,4.00,2.60
2020-06-03,EXPON0000,,2.60,2.60,0.00,2.60,2.70,2.60,2.60,"7683167","19982247",128,72.74,0.00,2.60
2020-06-04,EXPON0000,,2.70,2.60,0.10,2.70,2.70,2.60,2.70,"1705703","4603653",73,66.67,3.84,2.70
2020-06-08,EXPON0000,,2.90,2.70,0.20,2.70,3.00,2.70,2.85,"19308360","54983404",286,72.74,7.40,2.90
2020-06-09,EXPON0000,,3.10,2.90,0.20,3.00,3.20,2.90,3.06,"25971261","79560692",468,75.00,6.89,3.10
2020-06-10,EXPON0000,,3.10,3.10,0.00,3.10,3.20,3.00,3.08,"2447518","7545626",180,75.00,0.00,3.10
2020-06-11,EXPON0000,,2.90,3.10,-0.20,3.10,3.10,2.90,3.01,"10293754","30958644",189,69.26,-6.45,2.90
2020-06-12,EXPON0000,,2.90,2.90,0.00,3.00,3.00,2.80,2.89,"4112021","11876399",152,63.69,0.00,2.90
2020-06-15,EXPON0000,,2.90,2.90,0.00,2.90,3.00,2.90,2.90,"6006058","17419416",205,70.03,0.00,2.90
2020-06-16,EXPON0000,,2.90,2.90,0.00,2.90,3.00,2.90,2.91,"551662","1603208",56,70.03,0.00,2.90
2020-06-17,EXPON0000,,3.00,2.90,0.10,2.90,3.00,2.90,2.91,"569241","1659032",39,72.74,3.44,3.00
2020-06-18,EXPON0000,,2.90,3.00,-0.10,3.00,3.00,2.90,2.92,"310503","905778",43,63.69,-3.33,2.90
2020-06-19,EXPON0000,,3.00,2.90,0.10,2.90,3.00,2.90,2.94,"2301988","6777958",103,66.71,3.44,3.00
2020-06-22,EXPON0000,,3.00,3.00,0.00,3.00,3.10,2.90,3.00,"1281418","3839555",99,72.74,0.00,3.00
2020-06-23,EXPON0000,,3.00,3.00,0.00,3.10,3.10,2.90,3.00,"3748592","11246320",142,70.03,0.00,3.00
2020-06-24,EXPON0000,,3.10,3.00,0.10,3.00,3.10,3.00,3.04,"1200180","3643620",74,72.74,3.33,3.10
2020-06-25,EXPON0000,,3.10,3.10,0.00,3.10,3.20,3.00,3.10,"12625204","39115038",110,70.03,0.00,3.10
2020-06-26,EXPON0000,,3.30,3.10,0.20,3.10,3.40,3.10,3.28,"6909536","22634811",303,70.03,6.45,3.30
2020-06-29,EXPON0000,,3.30,3.30,0.00,3.30,3.40,3.20,3.32,"3270223","10856489",204,62.52,0.00,3.30
2020-06-30,EXPON0000,,3.20,3.30,-0.10,3.30,3.30,3.20,3.26,"533691","1740225",62,55.61,-3.03,3.20
2020-07-01,EXPON0000,,3.30,3.20,0.10,3.30,3.40,3.20,3.30,"1538720","5079011",101,75.09,3.12,3.30
2020-07-02,EXPON0000,,3.30,3.30,0.00,3.40,3.40,3.30,3.30,"3096356","10230390",77,75.09,0.00,3.30
2020-07-03,EXPON0000,,3.20,3.30,-0.10,3.30,3.40,3.20,3.24,"906355","2938620",93,66.67,-3.03,3.20
2020-07-06,EXPON0000,,3.20,3.20,0.00,3.20,3.30,3.10,3.20,"1334882","4271380",97,66.67,0.00,3.20
2020-07-07,EXPON0000,,3.20,3.20,0.00,3.30,3.30,3.20,3.20,"626636","2008365",49,62.52,0.00,3.20
2020-07-08,EXPON0000,,3.20,3.20,0.00,3.20,3.30,3.10,3.20,"516768","1653745",65,71.54,0.00,3.20
2020-07-09,EXPON0000,,3.30,3.20,0.10,3.20,3.40,3.20,3.27,"1791475","5866852",87,71.54,3.12,3.30
2020-07-10,EXPON0000,,3.10,3.30,-0.20,3.20,3.20,3.10,3.11,"6878117","21358130",258,55.61,-6.06,3.10
2020-07-13,EXPON0000,,2.90,3.10,-0.20,3.00,3.10,2.90,2.96,"5488429","16263295",184,45.48,-6.45,2.90
2020-07-14,EXPON0000,,3.00,2.90,0.10,2.90,3.10,2.90,3.03,"3415498","10364895",138,45.48,3.44,3.00
2020-07-15,EXPON0000,,3.00,3.00,0.00,3.00,3.10,2.90,3.00,"1317384","3950903",65,45.48,0.00,3.00
2020-07-16,EXPON0000,,3.10,3.00,0.10,3.00,3.20,3.00,3.05,"1387987","4235719",85,39.97,3.33,3.10
2020-07-17,EXPON0000,,3.20,3.10,0.10,3.10,3.30,3.10,3.20,"1726490","5524358",76,45.48,3.22,3.20
2020-07-20,EXPON0000,,3.50,3.20,0.30,3.30,3.60,3.20,3.44,"5411440","18591799",312,61.53,9.37,3.50
2020-07-21,EXPON0000,,3.60,3.50,0.10,3.60,3.70,3.50,3.61,"1934171","6987459",174,61.53,2.85,3.60
2020-07-22,EXPON0000,,3.60,3.60,0.00,3.60,3.70,3.50,3.60,"3519079","12665933",157,61.53,0.00,3.60
2020-07-23,EXPON0000,,3.60,3.60,0.00,3.50,3.70,3.50,3.58,"1238544","4433272",70,66.71,0.00,3.60
2020-07-24,EXPON0000,,3.60,3.60,0.00,3.70,3.70,3.60,3.60,"1606288","5789967",66,66.71,0.00,3.60
2020-07-27,EXPON0000,,3.70,3.60,0.10,3.70,3.70,3.60,3.68,"1027330","3782648",53,69.26,2.77,3.70
2020-07-28,EXPON0000,,3.70,3.70,0.00,3.70,3.80,3.60,3.70,"3099898","11465471",150,69.26,0.00,3.70
2020-07-29,EXPON0000,,3.70,3.70,0.00,3.80,3.80,3.60,3.69,"3719893","13714118",120,66.71,0.00,3.70
2020-07-30,EXPON0000,,3.70,3.70,0.00,3.60,3.70,3.60,3.62,"417993","1512090",32,80.08,0.00,3.70
2020-07-31,EXPON0000,,3.80,3.70,0.10,3.70,3.90,3.60,3.77,"6350876","23960378",163,0.00,2.70,3.80
2020-08-04,EXPON0000,,3.90,3.80,0.10,3.80,4.00,3.80,3.88,"2188693","8491676",141,0.00,2.63,3.90
2020-08-05,EXPON0000,,3.80,3.90,-0.10,3.90,4.00,3.80,3.89,"903501","3514424",56,90.04,-2.56,3.80
2020-08-06,EXPON0000,,3.90,3.80,0.10,3.90,4.00,3.80,3.90,"1084608","4230176",68,90.04,2.63,3.90
2020-08-07,EXPON0000,,4.00,3.90,0.10,4.00,4.10,3.90,4.01,"9059835","36308119",182,90.04,2.56,4.00
2020-08-10,EXPON0000,,3.90,4.00,-0.10,4.00,4.00,3.80,3.90,"2450549","9566963",130,75.09,-2.50,3.90
2020-08-11,EXPON0000,,3.90,3.90,0.00,3.90,4.00,3.80,3.90,"2093634","8167562",58,71.54,0.00,3.90
2020-08-12,EXPON0000,,3.90,3.90,0.00,3.90,4.00,3.90,3.90,"1832061","7145053",58,71.54,0.00,3.90
2020-08-13,EXPON0000,,4.00,3.90,0.10,3.90,4.00,3.90,3.94,"9184468","36218327",169,75.09,2.56,4.00
2020-08-14,EXPON0000,,4.50,4.00,0.50,4.30,4.50,4.30,4.40,"33433338","147032446",925,84.68,12.50,4.50
2020-08-17,EXPON0000,,4.50,4.50,0.00,4.50,4.60,4.40,4.51,"5318972","23980987",262,83.41,0.00,4.50
2020-08-18,EXPON0000,,5.00,4.50,0.50,4.50,5.10,4.50,4.75,"20014699","95098197",761,88.29,11.11,5.00
2020-08-19,EXPON0000,,5.40,5.00,0.40,5.10,5.50,5.10,5.33,"18778788","100084344",865,90.53,8.00,5.40
2020-08-20,EXPON0000,,5.30,5.40,-0.10,5.40,5.40,5.10,5.28,"13266218","70022385",379,86.38,-1.85,5.30
2020-08-21,EXPON0000,,5.20,5.30,-0.10,5.30,5.30,5.10,5.21,"2510315","13084654",177,81.85,-1.88,5.20
2020-08-24,EXPON0000,,5.10,5.20,-0.10,5.20,5.20,5.00,5.10,"3415579","17407414",246,77.28,-1.92,5.10
2020-08-25,EXPON0000,,5.00,5.10,-0.10,5.00,5.10,5.00,5.03,"2857471","14363200",216,77.28,-1.96,5.00
2020-08-26,EXPON0000,,5.10,5.00,0.10,5.00,5.20,4.90,5.01,"7770611","38902954",309,77.28,2.00,5.10
2020-08-27,EXPON0000,,5.20,5.10,0.10,5.20,5.20,5.00,5.12,"2572329","13164317",129,77.28,1.96,5.20
2020-08-28,EXPON0000,,5.30,5.20,0.10,5.20,5.30,5.10,5.23,"4527591","23664008",183,81.85,1.92,5.30
2020-08-31,EXPON0000,,5.20,5.30,-0.10,5.20,5.30,5.20,5.20,"598186","3110719",71,78.26,-1.88,5.20
2020-09-02,EXPON0000,,5.50,5.20,0.30,5.20,5.70,5.20,5.42,"8082986","43804924",405,80.78,5.76,5.50
2020-09-03,EXPON0000,,5.90,5.50,0.40,5.60,6.00,5.60,5.84,"19446641","113630128",810,82.76,7.27,5.90
2020-09-04,EXPON0000,,6.10,5.90,0.20,6.00,6.30,5.80,6.02,"11005711","66222037",737,80.78,3.38,6.10
2020-09-07,EXPON0000,,6.20,6.10,0.10,6.30,6.40,6.10,6.27,"10547955","66175117",473,81.48,1.63,6.20
2020-09-08,EXPON0000,,6.30,6.20,0.10,6.30,6.40,6.20,6.30,"9688662","61045780",264,78.26,1.61,6.30
2020-09-09,EXPON0000,,6.90,6.30,0.60,6.30,7.00,6.30,6.68,"21285864","142114856","1085",80.00,9.52,6.90
2020-09-10,EXPON0000,,7.00,6.90,0.10,7.00,7.30,6.80,7.08,"21886003","154923998","1110",84.03,1.44,7.00
2020-09-11,EXPON0000,,6.90,7.00,-0.10,6.90,7.00,6.80,6.90,"3781919","26084181",314,84.03,-1.42,6.90
2020-09-14,EXPON0000,,7.60,6.90,0.70,7.00,8.00,7.00,7.41,"17860134","132299440",904,90.33,10.14,7.60
2020-09-15,EXPON0000,,9.30,7.60,1.70,8.10,10.00,8.00,8.81,"45224875","398215483","3056",95.77,22.36,9.30
2020-09-16,EXPON0000,,9.00,9.30,-0.30,10.00,10.30,8.60,9.49,"49060612","465434932","3320",89.80,-3.22,9.00
2020-09-17,EXPON0000,,8.90,9.00,-0.10,8.80,9.20,8.50,8.82,"14783088","130408555","1180",87.77,-1.11,8.90
2020-09-18,EXPON0000,,9.80,8.90,0.90,9.00,10.10,9.00,9.70,"34092049","330749750","1808",89.48,10.11,9.80
2020-09-21,EXPON0000,,9.80,9.80,0.00,10.00,10.20,9.50,9.86,"13271657","130912195",902,91.07,0.00,9.80
2020-09-22,EXPON0000,,9.60,9.80,-0.20,9.90,9.90,9.40,9.57,"11763987","112607848",819,87.27,-2.04,9.60
2020-09-23,EXPON0000,,9.70,9.60,0.10,9.70,9.90,9.50,9.68,"4644461","44953959",414,86.54,1.04,9.70
2020-09-24,EXPON0000,,10.60,9.70,0.90,9.80,10.70,9.80,10.32,"38939760","402000849","1696",88.13,9.27,10.60
2020-09-25,EXPON0000,,11.20,10.60,0.60,10.80,11.40,10.70,11.03,"22095494","243810698","1708",89.06,5.66,11.20
2020-09-28,EXPON0000,,11.00,11.20,-0.20,11.10,11.30,10.80,11.08,"19921357","220706737","1074",86.17,-1.78,11.00
2020-09-29,EXPON0000,,10.90,11.00,-0.10,10.90,11.00,10.60,10.87,"14838774","161330443",892,83.34,-0.90,10.90
2020-09-30,EXPON0000,,11.50,10.90,0.60,10.80,11.60,10.80,11.25,"28716234","323167425","1434",84.62,5.50,11.50
2020-10-02,EXPON0000,,13.50,11.50,2.00,11.80,13.90,11.80,12.89,"45987618","592956540","3417",89.30,17.39,13.50
2020-10-05,EXPON0000,,11.90,13.50,-1.60,12.50,13.00,11.50,12.23,"53301175","651719741","2954",73.13,-11.85,11.90
2020-10-06,EXPON0000,,12.00,11.90,0.10,11.50,12.90,11.00,12.21,"40921737","499808330","2519",67.54,0.84,12.00
2020-10-07,EXPON0000,,12.10,12.00,0.10,11.70,12.60,11.60,12.22,"19808167","242035114","1231",70.67,0.83,12.10
2020-10-08,EXPON0000,,13.30,12.10,1.20,12.40,13.40,12.40,12.94,"41850958","541427455","2206",75.58,9.91,13.30
2020-10-09,EXPON0000,,14.60,13.30,1.30,13.80,15.10,13.80,14.62,"57435555","839886556","3164",76.66,9.77,14.60
2020-10-12,EXPON0000,,16.70,14.60,2.10,15.00,17.20,15.00,16.03,"52445640","840694876","3792",81.08,14.38,16.70
2020-10-13,EXPON0000,,17.40,16.70,0.70,17.50,18.40,16.70,17.64,"48979231","864218771","3918",83.62,4.19,17.40
2020-10-14,EXPON0000,,16.60,17.40,-0.80,17.60,17.70,16.20,16.85,"25796484","434574239","1952",78.05,-4.59,16.60
2020-10-15,EXPON0000,,17.90,16.60,1.30,16.60,18.20,16.20,17.43,"36330942","633082407","2590",78.74,7.83,17.90
2020-10-16,EXPON0000,,18.70,17.90,0.80,18.30,19.00,18.00,18.53,"30258485","560767964","2492",79.07,4.46,18.70
2020-10-19,EXPON0000,,19.30,18.70,0.60,19.50,19.60,19.10,19.37,"22905492","443647242","1528",81.21,3.20,19.30
2020-10-20,EXPON0000,,19.20,19.30,-0.10,19.50,19.50,18.80,19.15,"9950092","190547210",952,81.21,-0.51,19.20
2020-10-21,EXPON0000,,17.20,19.20,-2.00,19.00,19.00,16.70,17.85,"27355470","488189705","2847",69.39,-10.41,17.20
2020-10-22,EXPON0000,,18.00,17.20,0.80,16.70,18.10,16.60,17.58,"25345629","445501547","2007",66.67,4.65,18.00
2020-10-23,EXPON0000,,17.80,18.00,-0.20,18.50,18.90,17.70,18.15,"17850703","324031354","1273",74.38,-1.11,17.80
2020-10-26,EXPON0000,,17.30,17.80,-0.50,16.90,17.80,16.50,17.30,"9476719","163904645",933,71.20,-2.80,17.30
2020-10-27,EXPON0000,,17.70,17.30,0.40,17.20,17.90,17.20,17.62,"7808437","137580808",801,71.88,2.31,17.70
2020-10-28,EXPON0000,,17.00,17.70,-0.70,17.60,18.00,16.70,17.17,"7459688","128055862",887,65.04,-3.95,17.00
2020-10-29,EXPON0000,,18.10,17.00,1.10,17.20,18.40,17.10,17.90,"9083852","162604485",960,64.46,6.47,18.10
2020-11-02,EXPON0000,,18.90,18.10,0.80,18.00,19.20,17.90,18.69,"15365236","287247514","1584",60.18,4.41,18.90
2020-11-03,EXPON0000,,22.30,18.90,3.40,19.50,23.00,19.50,21.03,"41775269","878673643","4123",68.15,17.98,22.30
2020-11-04,EXPON0000,,24.00,22.30,1.70,23.50,24.40,23.10,23.68,"38369729","908473785","3839",75.69,7.62,24.00
2020-11-05,EXPON0000,,24.90,24.00,0.90,24.50,25.10,24.10,24.68,"22673436","559605851","2671",75.00,3.75,24.90
2020-11-06,EXPON0000,,24.70,24.90,-0.20,25.20,25.40,24.50,24.97,"23767558","593415051","2378",72.39,-0.80,24.70
2020-11-09,EXPON0000,,28.20,24.70,3.50,29.50,30.00,27.40,28.53,"57151708","1630799219","5509",77.31,14.17,28.20
2020-11-10,EXPON0000,,26.00,28.20,-2.20,28.50,28.90,25.50,26.74,"37564418","1004327408","4936",68.48,-7.80,26.00
2020-11-11,EXPON0000,,25.50,26.00,-0.50,25.30,26.40,23.80,25.25,"25444295","642460168","3487",74.56,-1.92,25.50
2020-11-12,EXPON0000,,25.70,25.50,0.20,25.50,26.30,24.80,25.62,"11045612","283032659","1943",73.62,0.78,25.70
2020-11-13,EXPON0000,,25.70,25.70,0.00,25.80,26.10,25.00,25.68,"8349849","214463130","1076",74.54,0.00,25.70
2020-11-16,EXPON0000,,26.00,25.70,0.30,25.90,26.40,25.30,25.85,"6175971","159625671","1024",77.36,1.16,26.00
2020-11-17,EXPON0000,,27.50,26.00,1.50,26.50,27.70,26.10,27.20,"17669502","480584801","2718",78.83,5.76,27.50
2020-11-18,EXPON0000,,26.90,27.50,-0.60,27.90,28.30,26.30,27.10,"20208237","547559605","1885",79.29,-2.18,26.90
2020-11-19,EXPON0000,,26.10,26.90,-0.80,27.00,27.00,26.00,26.34,"11810146","311092228","2010",74.10,-2.97,26.10
2020-11-20,EXPON0000,,26.40,26.10,0.30,26.30,26.70,25.90,26.40,"5852748","154541242",707,73.29,1.14,26.40
2020-11-23,EXPON0000,,26.50,26.40,0.10,26.50,26.80,26.40,26.49,"4082458","108133672",651,66.41,0.37,26.50
2020-11-24,EXPON0000,,25.60,26.50,-0.90,26.40,26.50,25.40,25.68,"6571186","168764460","1151",56.67,-3.39,25.60
2020-11-25,EXPON0000,,25.40,25.60,-0.20,25.60,25.70,24.80,25.21,"6627839","167088837","1340",52.21,-0.78,25.40
2020-11-26,EXPON0000,,25.20,25.40,-0.20,25.50,25.60,24.90,25.07,"6934437","173869755","1113",52.21,-0.78,25.20
2020-11-27,EXPON0000,,26.10,25.20,0.90,25.00,26.70,24.50,25.47,"15473208","394040766","2699",37.93,3.57,26.10
2020-11-30,EXPON0000,,27.10,26.10,1.00,27.00,27.60,26.50,27.12,"12099235","328159794","1848",57.34,3.83,27.10
2020-12-01,EXPON0000,,26.80,27.10,-0.30,27.30,27.60,26.70,27.11,"5034387","136498183",848,58.91,-1.10,26.80
2020-12-02,EXPON0000,,26.40,26.80,-0.40,26.90,27.00,26.20,26.64,"6648592","177095900","1155",54.67,-1.49,26.40
2020-12-03,EXPON0000,,26.20,26.40,-0.20,26.50,26.50,26.10,26.17,"5222685","136655416",776,53.25,-0.75,26.20
2020-12-04,EXPON0000,,25.70,26.20,-0.50,26.20,26.30,25.50,25.84,"5326298","137652869","1125",48.10,-1.90,25.70
2020-12-07,EXPON0000,,25.20,25.70,-0.50,26.00,26.00,24.90,25.18,"7909767","199162589","1494",33.33,-1.94,25.20
2020-12-08,EXPON0000,,25.40,25.20,0.20,25.00,26.00,24.80,25.20,"5660803","142674443","1084",38.45,0.79,25.40
2020-12-09,EXPON0000,,25.00,25.40,-0.40,25.50,25.70,24.90,25.10,"6979716","175210609","1012",40.98,-1.57,25.00
2020-12-10,EXPON0000,,26.20,25.00,1.20,25.00,26.50,25.00,26.00,"8635422","224516262","1366",48.57,4.80,26.20
2020-12-11,EXPON0000,,26.00,26.20,-0.20,26.50,26.50,25.00,25.86,"1830904","47355518",439,46.48,-0.76,26.00
2020-12-14,EXPON0000,,25.50,26.00,-0.50,26.00,26.00,25.40,25.66,"2830039","72631000",505,49.26,-1.92,25.50
2020-12-15,EXPON0000,,25.40,25.50,-0.10,25.60,25.70,25.10,25.35,"2078069","52671827",372,50.00,-0.39,25.40
2020-12-16,EXPON0000,,25.10,25.40,-0.30,25.30,25.50,25.00,25.14,"6106428","153533584",744,49.26,-1.18,25.10
2020-12-17,EXPON0000,,25.10,25.10,0.00,25.20,25.50,24.90,25.08,"4732690","118686744",680,41.38,0.00,25.10
2020-12-18,EXPON0000,,25.60,25.10,0.50,25.00,25.80,25.00,25.46,"3145519","80078637",486,35.85,1.99,25.60
2020-12-21,EXPON0000,,27.00,25.60,1.40,25.90,27.30,25.90,26.80,"20543468","550626071","2510",51.56,5.46,27.00
2020-12-22,EXPON0000,,27.50,27.00,0.50,27.60,28.00,27.00,27.51,"13351324","367284140","1551",58.47,1.85,27.50
2020-12-23,EXPON0000,,27.00,27.50,-0.50,27.40,27.50,26.90,27.09,"3532439","95679290",624,55.89,-1.81,27.00
2020-12-24,EXPON0000,,27.20,27.00,0.20,27.20,27.40,27.00,27.19,"1452963","39498950",386,61.55,0.74,27.20
2020-12-28,EXPON0000,,27.30,27.20,0.10,27.30,27.40,27.00,27.23,"2992689","81500000",482,67.22,0.36,27.30
2020-12-30,EXPON0000,,28.50,27.30,1.20,27.70,28.60,27.70,28.16,"12476195","351341826","1848",71.83,4.39,28.50
2020-12-31,EXPON0000,,29.00,28.50,0.50,28.70,29.30,28.70,29.01,"8926217","258907542","1376",77.79,1.75,29.00
2021-01-04,EXPON0000,,30.90,29.00,1.90,29.30,31.50,29.20,29.98,"19074973","571952781","2120",79.76,6.55,30.90
2021-01-05,EXPON0000,,32.00,30.90,1.10,31.90,32.60,31.80,32.14,"19748621","634757363","2391",84.09,3.55,32.00
2021-01-06,EXPON0000,,31.50,32.00,-0.50,32.00,32.40,31.10,31.73,"11900352","377646588","1747",84.09,-1.56,31.50
2021-01-07,EXPON0000,,31.00,31.50,-0.50,31.40,31.60,30.40,30.93,"12605970","389910193","1703",80.44,-1.58,31.00
2021-01-08,EXPON0000,,34.30,31.00,3.30,32.10,34.90,31.50,33.65,"27542375","926737248","3207",87.71,10.64,34.30
2021-01-11,EXPON0000,,38.60,34.30,4.30,35.30,39.90,35.30,37.89,"39061510","1479865107","5809",90.91,12.53,38.60
2021-01-12,EXPON0000,,41.30,38.60,2.70,39.90,42.90,38.90,40.39,"26364564","1064956890","3937",91.98,6.99,41.30
2021-01-13,EXPON0000,,47.00,41.30,5.70,44.00,48.00,44.00,46.14,"33928291","1565397300","5245",93.48,13.80,47.00
2021-01-15,EXPON0000,,53.40,47.00,6.40,48.00,54.00,48.00,51.78,"38061882","1970724897","6383",94.81,13.61,53.40
2021-01-18,EXPON0000,,53.80,53.40,0.40,55.10,58.90,52.80,55.12,"29144910","1606439710","5294",96.53,0.74,53.80
2021-01-19,EXPON0000,,50.00,53.80,-3.80,54.00,54.50,48.90,51.21,"19353378","991081405","3915",85.19,-7.06,50.00
2021-01-20,EXPON0000,,51.30,50.00,1.30,50.00,53.00,50.00,51.35,"12982354","666618400","2553",85.72,2.60,51.30
2021-01-21,EXPON0000,,50.70,51.30,-0.60,51.00,51.90,49.00,50.58,"7203378","364362866","1923",83.64,-1.16,50.70
2021-01-22,EXPON0000,,55.10,50.70,4.40,51.80,56.40,51.40,54.52,"20554439","1120579163","3482",85.37,8.67,55.10
2021-01-25,EXPON0000,,61.90,55.10,6.80,57.50,62.80,57.50,60.25,"30236711","1821841019","5147",87.08,12.34,61.90
2021-01-26,EXPON0000,,61.00,61.90,-0.90,64.00,64.60,60.10,61.86,"22651088","1401198559","4029",84.86,-1.45,61.00
2021-01-27,EXPON0000,,55.90,61.00,-5.10,60.90,60.90,54.50,56.85,"30468900","1732042542","6673",76.41,-8.36,55.90
2021-01-29,EXPON0000,,50.50,55.90,-5.40,56.50,57.10,42.00,51.22,"18776592","961656369","4081",69.08,-9.66,50.50
2021-02-01,EXPON0000,,51.30,50.50,0.80,53.00,54.60,50.90,52.11,"9893475","515521484","2635",67.49,1.58,51.30
2021-02-02,EXPON0000,,46.30,51.30,-5.00,51.30,53.00,43.00,48.41,"9924709","480442926","2388",57.81,-9.74,46.30
2021-02-03,EXPON0000,,49.90,46.30,3.60,49.00,51.50,46.00,49.39,"12140181","599650008","2668",58.57,7.77,49.90
2021-02-05,EXPON0000,,54.30,49.90,4.40,52.00,54.50,51.10,53.37,"16338149","871995437","3211",57.46,8.81,54.30
2021-02-08,EXPON0000,,53.50,54.30,-0.80,55.10,56.40,52.20,54.62,"8117910","443428677","2099",50.12,-1.47,53.50
2021-02-09,EXPON0000,,51.70,53.50,-1.80,53.50,53.50,50.50,51.58,"7355287","379354845","1676",47.65,-3.36,51.70
2021-02-10,EXPON0000,,49.20,51.70,-2.50,51.70,52.50,48.60,50.13,"6750149","338412453","1523",49.08,-4.83,49.20
2021-02-11,EXPON0000,,47.20,49.20,-2.00,48.80,50.00,38.40,45.05,"12519238","563967413","2960",45.35,-4.06,47.20
2021-02-12,EXPON0000,,51.80,47.20,4.60,50.00,52.30,49.00,50.85,"9852563","500960933","2295",51.14,9.74,51.80
2021-02-15,EXPON0000,,49.40,51.80,-2.40,52.90,53.00,49.00,50.31,"8010328","402998401","1909",43.82,-4.63,49.40
2021-02-16,EXPON0000,,45.70,49.40,-3.70,50.00,50.00,45.00,46.59,"6515464","303577374","1972",31.16,-7.48,45.70
2021-02-17,EXPON0000,,47.00,45.70,1.30,46.00,48.00,42.50,45.98,"4054743","186420799","1576",33.87,2.84,47.00
2021-02-18,EXPON0000,,47.90,47.00,0.90,49.00,49.50,47.00,47.98,"2959596","142010527",944,39.79,1.91,47.90
2021-02-19,EXPON0000,,47.10,47.90,-0.80,48.50,48.90,46.80,47.41,"1284428","60899532",731,45.09,-1.67,47.10
2021-02-22,EXPON0000,,44.30,47.10,-2.80,45.00,47.00,44.00,44.83,"4889223","219174204","1790",40.44,-5.94,44.30
2021-02-23,EXPON0000,,40.50,44.30,-3.80,44.10,44.50,39.90,41.37,"8810606","364493874","2464",41.81,-8.57,40.50
2021-02-24,EXPON0000,,41.00,40.50,0.50,41.00,43.00,39.90,41.26,"7815700","322480295","1619",36.22,1.23,41.00
2021-02-25,EXPON0000,,46.50,41.00,5.50,41.70,47.90,41.00,45.01,"9988516","449581931","2710",38.32,13.41,46.50
2021-03-01,EXPON0000,,47.10,46.50,0.60,48.00,48.60,46.50,47.55,"6740893","320553971","1968",40.36,1.29,47.10
2021-03-02,EXPON0000,,46.00,47.10,-1.10,47.30,47.50,45.30,46.08,"3133476","144404040","1002",41.23,-2.33,46.00
2021-03-03,EXPON0000,,44.70,46.00,-1.30,46.00,46.40,42.80,44.32,"4445202","197027853","1610",42.81,-2.82,44.70
2021-03-04,EXPON0000,,43.10,44.70,-1.60,45.50,46.70,42.80,44.28,"6558051","290373301","1600",43.36,-3.57,43.10
2021-03-05,EXPON0000,,44.30,43.10,1.20,44.30,45.00,41.00,43.30,"4282193","185438260","1273",36.36,2.78,44.30
2021-03-08,EXPON0000,,48.40,44.30,4.10,45.10,49.00,44.50,46.80,"8458249","395873975","2254",48.29,9.25,48.40
2021-03-09,EXPON0000,,46.50,48.40,-1.90,49.50,49.90,46.10,47.93,"7036883","337280810","2037",51.46,-3.92,46.50
2021-03-10,EXPON0000,,46.10,46.50,-0.40,46.80,47.50,45.50,46.35,"1051151","48719544",594,48.30,-0.86,46.10
2021-03-12,EXPON0000,,47.60,46.10,1.50,47.50,48.50,46.30,47.73,"3128515","149327252","1209",49.45,3.25,47.60
2021-03-15,EXPON0000,,46.60,47.60,-1.00,48.00,48.50,46.30,47.13,"1594060","75124465",844,49.08,-2.10,46.60
2021-03-16,EXPON0000,,46.00,46.60,-0.60,46.50,46.80,44.50,45.44,"3583041","162802339","1299",53.39,-1.28,46.00
2021-03-17,EXPON0000,,44.70,46.00,-1.30,46.30,46.30,44.40,45.01,"3390050","152580460",870,59.29,-2.82,44.70
2021-03-18,EXPON0000,,42.70,44.70,-2.00,45.00,45.00,42.00,43.31,"2630346","113929062","1407",53.53,-4.47,42.70
2021-03-19,EXPON0000,,41.70,42.70,-1.00,42.10,43.30,40.90,41.68,"3566424","148656057","1217",37.75,-2.34,41.70
2021-03-22,EXPON0000,,43.30,41.70,1.60,42.50,43.60,42.00,43.18,"1568943","67751929",914,40.78,3.83,43.30
2021-03-23,EXPON0000,,43.50,43.30,0.20,43.20,44.00,42.00,43.16,"970463","41888156",689,43.65,0.46,43.50
2021-03-24,EXPON0000,,46.00,43.50,2.50,42.60,46.30,42.10,45.03,"4490407","202198990","1311",53.11,5.74,46.00
2021-03-25,EXPON0000,,44.30,46.00,-1.70,47.00,47.00,43.60,45.57,"2892602","131806997","1018",52.86,-3.69,44.30
2021-03-26,EXPON0000,,44.70,44.30,0.40,45.00,45.40,43.10,44.57,"831179","37041584",612,50.99,0.90,44.70
2021-03-29,EXPON0000,,45.30,44.70,0.60,45.00,46.00,44.20,45.15,"2906345","131230112",757,40.72,1.34,45.30
2021-03-30,EXPON0000,,44.80,45.30,-0.50,45.80,45.80,44.60,44.95,"895934","40272510",436,44.45,-1.10,44.80
2021-03-31,EXPON0000,,44.70,44.80,-0.10,44.90,45.10,44.00,44.77,"1835398","82171075",428,45.33,-0.22,44.70
2021-04-01,EXPON0000,,46.00,44.70,1.30,45.10,46.30,44.70,45.60,"2702838","123251275",737,44.59,2.90,46.00
2021-04-05,EXPON0000,,46.20,46.00,0.20,46.00,47.10,45.50,46.42,"2953359","137106042","1004",48.57,0.43,46.20
2021-04-06,EXPON0000,,47.10,46.20,0.90,46.00,47.90,45.60,46.75,"4302055","201137234","1169",53.85,1.94,47.10
2021-04-07,EXPON0000,,47.40,47.10,0.30,48.00,49.00,47.00,47.94,"5540796","265601904","1557",60.15,0.63,47.40
2021-04-08,EXPON0000,,49.20,47.40,1.80,47.70,49.60,47.00,48.98,"7375524","361222541","1821",74.81,3.79,49.20
2021-04-09,EXPON0000,,49.70,49.20,0.50,49.20,50.50,49.00,49.79,"4877859","242872215","1408",81.75,1.01,49.70
2021-04-12,EXPON0000,,52.30,49.70,2.60,49.70,52.50,49.50,51.64,"7195783","371564720","1813",83.09,5.23,52.30
2021-04-15,EXPON0000,,52.60,52.30,0.30,52.80,53.60,52.40,52.92,"4446465","235290656","1482",83.22,0.57,52.60
2021-04-16,EXPON0000,,52.20,52.60,-0.40,52.70,52.80,50.00,51.39,"5765316","296289895","1545",76.73,-0.76,52.20
2021-04-19,EXPON0000,,51.20,52.20,-1.00,52.30,52.80,50.90,51.40,"2520745","129564586",978,81.66,-1.91,51.20
2021-04-20,EXPON0000,,48.10,51.20,-3.10,51.30,51.30,47.00,49.12,"9769680","479865579","2401",62.50,-6.05,48.10
2021-04-21,EXPON0000,,49.60,48.10,1.50,47.00,50.00,47.00,48.80,"3115555","152027275","1080",64.83,3.11,49.60
2021-04-22,EXPON0000,,47.80,49.60,-1.80,49.50,49.50,47.40,48.12,"1962582","94438279",831,59.49,-3.62,47.80
2021-04-23,EXPON0000,,46.00,47.80,-1.80,47.00,47.40,45.60,46.36,"2835298","131440520","1198",53.72,-3.76,46.00
2021-04-27,EXPON0000,,44.00,46.00,-2.00,45.50,45.50,43.80,44.24,"3328493","147268490","1332",44.50,-4.34,44.00
2021-04-28,EXPON0000,,47.60,44.00,3.60,43.10,48.10,43.10,46.59,"3129015","145773430","1392",53.24,8.18,47.60
2021-04-29,EXPON0000,,47.80,47.60,0.20,47.80,48.70,46.00,47.50,"5026064","238735837","1326",51.67,0.42,47.80
2021-04-30,EXPON0000,,46.70,47.80,-1.10,46.00,47.60,45.50,46.66,"4400002","205289541","1460",48.39,-2.30,46.70
2021-05-03,EXPON0000,,45.50,46.70,-1.20,46.90,47.50,44.80,45.98,"3706024","170390215","1999",41.23,-2.56,45.50
2021-05-04,EXPON0000,,44.30,45.50,-1.20,45.00,45.90,44.00,44.86,"2453583","110055954","1255",37.61,-2.63,44.30
2021-05-05,EXPON0000,,45.40,44.30,1.10,44.30,45.80,44.10,45.18,"1190486","53783089",613,33.00,2.48,45.40
2021-05-06,EXPON0000,,45.50,45.40,0.10,45.50,46.40,45.00,45.75,"1732934","79287288",825,32.33,0.22,45.50
2021-05-07,EXPON0000,,45.60,45.50,0.10,45.50,46.00,45.20,45.56,"1173055","53445455",754,33.33,0.21,45.60
2021-05-10,EXPON0000,,44.20,45.60,-1.40,45.40,45.50,44.10,44.61,"1670264","74506805","1089",32.67,-3.07,44.20
2021-05-11,EXPON0000,,44.20,44.20,0.00,44.20,45.00,44.10,44.27,"911532","40351570",641,38.60,0.00,44.20
2021-05-12,EXPON0000,,44.20,44.20,0.00,44.50,45.20,44.10,44.54,"1959186","87253501",636,32.69,0.00,44.20
2021-05-13,EXPON0000,,44.50,44.20,0.30,44.00,44.80,44.00,44.44,"792785","35231233",408,38.30,0.67,44.50
2021-05-17,EXPON0000,,47.00,44.50,2.50,44.70,47.20,44.70,46.66,"5316060","248023099","1280",53.38,5.61,47.00
2021-05-18,EXPON0000,,47.00,47.00,0.00,47.30,47.70,46.50,47.07,"4528237","213126611",999,61.72,0.00,47.00
2021-05-19,EXPON0000,,46.80,47.00,-0.20,47.00,47.40,46.00,46.92,"4957818","232622942",563,45.75,-0.42,46.80
2021-05-20,EXPON0000,,45.60,46.80,-1.20,46.80,46.90,45.10,45.81,"515913","23633142",366,39.42,-2.56,45.60
2021-05-21,EXPON0000,,44.90,45.60,-0.70,46.20,46.20,43.90,44.53,"2318543","103242245",940,41.00,-1.53,44.90
2021-05-24,EXPON0000,,44.40,44.90,-0.50,44.50,44.80,43.80,44.30,"1588673","70382861",941,44.08,-1.11,44.40
2021-05-25,EXPON0000,,45.90,44.40,1.50,45.00,46.10,44.80,45.40,"1596816","72497954",530,58.33,3.37,45.90
2021-05-28,EXPON0000,,46.50,45.90,0.60,46.00,46.80,45.40,46.28,"1687833","78113116",558,56.04,1.30,46.50
2021-05-31,EXPON0000,,45.80,46.50,-0.70,46.80,47.00,45.10,46.17,"1638492","75641275",650,51.54,-1.50,45.80
2021-06-01,EXPON0000,,45.20,45.80,-0.60,45.90,46.50,44.90,45.11,"1396671","63000288",697,48.04,-1.31,45.20
2021-06-02,EXPON0000,,45.00,45.20,-0.20,45.50,45.90,44.80,45.02,"806637","36317086",518,54.45,-0.44,45.00
2021-06-03,EXPON0000,,46.00,45.00,1.00,45.10,46.30,44.90,45.79,"2096268","95978645",570,59.00,2.22,46.00
2021-06-04,EXPON0000,,47.20,46.00,1.20,46.50,47.50,46.50,47.14,"4958940","233786828","1260",63.40,2.60,47.20
2021-06-07,EXPON0000,,48.20,47.20,1.00,48.00,48.60,47.40,48.15,"3543019","170612339","1073",65.55,2.11,48.20
2021-06-08,EXPON0000,,47.50,48.20,-0.70,48.40,48.50,47.10,47.72,"1891250","90253967",620,52.47,-1.45,47.50
2021-06-09,EXPON0000,,47.60,47.50,0.10,47.50,48.00,47.40,47.74,"790679","37746358",289,52.94,0.21,47.60
2021-06-10,EXPON0000,,48.20,47.60,0.60,47.50,48.60,47.50,48.20,"1631244","78630305",551,56.61,1.26,48.20
2021-06-11,EXPON0000,,47.60,48.20,-0.60,48.00,48.00,47.00,47.56,"706599","33603460",275,60.00,-1.24,47.60
2021-06-14,EXPON0000,,47.50,47.60,-0.10,47.60,47.90,46.90,47.35,"449617","21289960",400,63.83,-0.21,47.50
2021-06-15,EXPON0000,,48.10,47.50,0.60,47.20,48.30,47.10,47.98,"4107447","197078109",891,69.48,1.26,48.10
2021-06-16,EXPON0000,,50.40,48.10,2.30,48.30,50.70,48.20,49.92,"13868515","692283426","3150",71.85,4.78,50.40
2021-06-17,EXPON0000,,52.00,50.40,1.60,51.00,52.40,51.00,51.70,"12912760","667611245","3013",74.34,3.17,52.00
2021-06-18,EXPON0000,,51.70,52.00,-0.30,52.40,52.80,51.30,51.83,"4190235","217188570","1498",77.07,-0.57,51.70
2021-06-21,EXPON0000,,50.60,51.70,-1.10,51.70,51.80,50.50,50.85,"2077660","105641543",995,73.69,-2.12,50.60
2021-06-22,EXPON0000,,50.10,50.60,-0.50,51.70,51.70,49.50,50.41,"4901209","247066015","1481",71.80,-0.98,50.10
2021-06-23,EXPON0000,,50.10,50.10,0.00,49.80,50.30,48.70,49.63,"2805132","139219138",974,69.16,0.00,50.10
2021-06-25,EXPON0000,,50.80,50.10,0.70,50.30,50.90,50.20,50.73,"812948","41238762",463,67.65,1.39,50.80
2021-06-28,EXPON0000,,50.30,50.80,-0.50,51.00,51.00,50.20,50.55,"1375560","69541056",403,60.83,-0.98,50.30
2021-06-29,EXPON0000,,49.80,50.30,-0.50,50.30,50.30,49.00,49.65,"1484997","73724389",659,62.11,-0.99,49.80
2021-06-30,EXPON0000,,50.10,49.80,0.30,49.80,50.30,48.60,49.58,"2754805","136575388",838,62.89,0.60,50.10
2021-07-01,EXPON0000,,49.10,50.10,-1.00,50.00,50.00,49.00,49.42,"1865597","92202375",506,54.46,-1.99,49.10
2021-07-02,EXPON0000,,49.40,49.10,0.30,49.20,49.60,48.60,49.16,"1069096","52555887",487,59.18,0.61,49.40
2021-07-05,EXPON0000,,49.20,49.40,-0.20,49.50,49.50,49.00,49.22,"649633","31974652",346,58.59,-0.40,49.20
2021-07-06,EXPON0000,,48.60,49.20,-0.60,49.10,49.10,48.50,48.74,"770594","37561542",412,52.52,-1.21,48.60
2021-07-07,EXPON0000,,49.00,48.60,0.40,48.50,49.40,48.50,49.00,"866681","42465800",274,41.25,0.82,49.00
2021-07-08,EXPON0000,,49.80,49.00,0.80,49.10,49.90,49.10,49.68,"741951","36859994",398,34.71,1.63,49.80
2021-07-09,EXPON0000,,50.90,49.80,1.10,49.90,51.10,49.90,50.64,"5441374","275527291","1020",45.00,2.20,50.90
2021-07-12,EXPON0000,,52.40,50.90,1.50,51.50,52.80,51.50,52.17,"6870982","358491649","1744",60.71,2.94,52.40
2021-07-13,EXPON0000,,52.70,52.40,0.30,52.60,53.50,52.40,52.88,"5823571","307955359","1024",65.85,0.57,52.70
2021-07-14,EXPON0000,,52.90,52.70,0.20,52.80,53.00,52.10,52.68,"3528623","185890324",891,66.67,0.37,52.90
2021-07-15,EXPON0000,,52.90,52.90,0.00,53.20,53.30,52.60,52.96,"2141378","113404185",550,63.64,0.00,52.90
2021-07-16,EXPON0000,,54.50,52.90,1.60,52.90,54.90,52.80,54.07,"9368810","506615236","2271",73.87,3.02,54.50
2021-07-19,EXPON0000,,62.80,54.50,8.30,59.00,63.50,57.50,60.34,"41479845","2502952810","8713",89.16,15.22,62.80
2021-07-20,EXPON0000,,64.80,62.80,2.00,64.00,65.80,61.80,64.05,"19331893","1238202920","5594",90.17,3.18,64.80
2021-07-22,EXPON0000,,66.90,64.80,2.10,66.00,67.50,65.30,66.53,"18723773","1245699352","4073",95.88,3.24,66.90
2021-07-26,EXPON0000,,67.40,66.90,0.50,68.00,68.90,66.20,67.63,"12972074","877262929","2839",95.92,0.74,67.40
2021-07-27,EXPON0000,,66.00,67.40,-1.40,67.10,67.30,64.90,65.86,"10411040","685628958","2701",90.39,-2.07,66.00
2021-07-28,EXPON0000,,66.80,66.00,0.80,66.00,67.00,65.80,66.48,"5062305","336554692","1283",93.33,1.21,66.80
2021-07-29,EXPON0000,,66.70,66.80,-0.10,67.10,67.30,66.20,66.81,"4408219","294496853",852,92.76,-0.14,66.70
2021-07-30,EXPON0000,,67.00,66.70,0.30,68.50,69.00,66.10,67.17,"11783134","791424296","3160",92.58,0.44,67.00
2021-08-02,EXPON0000,,73.40,67.00,6.40,67.30,74.40,67.20,71.16,"19051137","1355684594","5319",94.12,9.55,73.40
2021-08-03,EXPON0000,,79.60,73.40,6.20,75.00,80.00,75.00,77.55,"24306240","1884978816","6254",95.04,8.44,79.60
2021-08-04,EXPON0000,,77.80,79.60,-1.80,81.00,81.50,76.90,78.63,"18272130","1436648199","4826",89.59,-2.26,77.80
2021-08-05,EXPON0000,,73.50,77.80,-4.30,76.90,76.90,72.90,74.50,"17320807","1290337145","4279",78.77,-5.52,73.50
2021-08-06,EXPON0000,,75.40,73.50,1.90,72.10,76.60,71.40,74.73,"9454929","706542760","3020",79.84,2.58,75.40
2021-08-09,EXPON0000,,80.70,75.40,5.30,75.90,82.30,74.90,79.27,"19034568","1508925927","4513",81.64,7.02,80.70
2021-08-10,EXPON0000,,82.60,80.70,1.90,83.10,86.50,81.70,84.20,"17304061","1457068409","5684",78.29,2.35,82.60
2021-08-11,EXPON0000,,82.70,82.60,0.10,83.60,84.20,82.10,83.19,"4392460","365416254","1696",77.04,0.12,82.70
2021-08-12,EXPON0000,,79.70,82.70,-3.00,82.80,82.80,78.50,80.12,"10474655","839241827","3044",68.82,-3.62,79.70
2021-08-13,EXPON0000,,79.30,79.70,-0.40,79.70,80.60,78.60,79.59,"3465558","275823561","1505",67.55,-0.50,79.30
2021-08-16,EXPON0000,,79.10,79.30,-0.20,79.00,81.00,78.00,79.32,"1514319","120111908",619,70.03,-0.25,79.10
2021-08-17,EXPON0000,,85.60,79.10,6.50,80.00,86.50,80.00,84.01,"10354997","869929066","3477",74.48,8.21,85.60
2021-08-18,EXPON0000,,98.80,85.60,13.20,88.20,99.80,88.20,95.31,"28038990","2672526649","8096",81.17,15.42,98.80
2021-08-19,EXPON0000,,95.50,98.80,-3.30,100.00,100.00,94.50,96.63,"18338421","1771996198","5732",76.15,-3.34,95.50
2021-08-20,EXPON0000,,100.50,95.50,5.00,94.50,102.00,93.10,98.98,"16444498","1627747198","5362",75.52,5.23,100.50
2021-08-23,EXPON0000,,122.75,100.50,22.25,102.50,128.00,102.50,117.48,"34305363","4030143253","12670",81.20,22.13,122.75
2021-08-24,EXPON0000,,120.00,122.75,-2.75,125.00,126.75,118.00,121.93,"13044961","1590583554","5765",80.10,-2.24,120.00
2021-08-25,EXPON0000,,122.75,120.00,2.75,119.00,126.50,117.50,122.83,"11942408","1466880689","3715",85.92,2.29,122.75
2021-08-26,EXPON0000,,146.75,122.75,24.00,126.25,151.00,126.25,139.29,"27262315","3797364266","12090",89.36,19.55,146.75
2021-08-27,EXPON0000,,149.25,146.75,2.50,146.75,164.75,147.00,153.83,"32855732","5054050832","14179",89.02,1.70,149.25
2021-08-30,EXPON0000,,142.50,149.25,-6.75,150.00,150.25,130.25,143.56,"12641518","1814874582","6816",82.31,-4.52,142.50
2021-08-31,EXPON0000,,167.75,142.50,25.25,145.00,169.50,142.00,159.02,"31114733","4947839492","11824",86.08,17.71,167.75
2021-09-01,EXPON0000,,180.50,167.75,12.75,175.00,189.50,173.00,180.90,"26000009","4703327777","13154",89.50,7.60,180.50
2021-09-02,EXPON0000,,184.75,180.50,4.25,184.00,191.00,176.00,184.17,"13177459","2426880252","6121",90.11,2.35,184.75
2021-09-03,EXPON0000,,186.75,184.75,2.00,187.50,192.75,183.50,188.18,"9258958","1742353044","4794",90.39,1.08,186.75
2021-09-06,EXPON0000,,181.00,186.75,-5.75,185.00,187.50,179.00,182.67,"12572349","2296596969","4990",86.00,-3.07,181.00
2021-09-07,EXPON0000,,183.50,181.00,2.50,181.50,190.00,178.00,184.02,"14908635","2743475873","4688",84.77,1.38,183.50
2021-09-08,EXPON0000,,171.00,183.50,-12.50,180.50,185.00,164.00,173.91,"21125473","3674004353","9003",78.82,-6.81,171.00
2021-09-09,EXPON0000,,175.00,171.00,4.00,175.00,176.75,167.25,173.04,"9811996","1697884284","4049",78.65,2.33,175.00
2021-09-10,EXPON0000,,170.25,175.00,-4.75,184.75,185.00,167.00,175.89,"18686269","3286757427","7189",71.11,-2.71,170.25
2021-09-13,EXPON0000,,145.25,170.25,-25.00,165.00,165.00,141.00,151.03,"20060756","3029867174","10256",59.37,-14.68,145.25
2021-09-14,EXPON0000,,153.00,145.25,7.75,144.00,158.75,144.00,152.82,"10323802","1577632128","5685",60.82,5.33,153.00
2021-09-15,EXPON0000,,170.50,153.00,17.50,157.50,172.50,157.00,166.57,"13128488","2186824921","6269",58.91,11.43,170.50
2021-09-16,EXPON0000,,165.50,170.50,-5.00,174.25,175.00,163.75,168.48,"7830395","1319300733","4723",55.99,-2.93,165.50
2021-09-17,EXPON0000,,166.00,165.50,0.50,164.75,168.50,159.75,164.28,"8000730","1314331899","3818",59.07,0.30,166.00
2021-09-21,EXPON0000,,163.50,166.00,-2.50,166.00,166.00,162.00,163.76,"1804131","295442488","1283",48.01,-1.50,163.50
2021-09-22,EXPON0000,,166.75,163.50,3.25,163.50,169.00,160.00,165.30,"2469288","408178593","1909",42.93,1.98,166.75
2021-09-23,EXPON0000,,171.50,166.75,4.75,169.00,174.25,168.25,171.41,"4486569","769035969","2559",43.22,2.84,171.50
2021-09-24,EXPON0000,,175.50,171.50,4.00,172.75,177.50,171.50,174.60,"5057211","882969647","2663",44.36,2.33,175.50
2021-09-27,EXPON0000,,189.25,175.50,13.75,180.00,191.50,179.00,186.66,"13535598","2526557991","5986",53.83,7.83,189.25
2021-09-28,EXPON0000,,195.00,189.25,5.75,195.00,199.00,191.50,194.92,"11296250","2201868601","5070",55.18,3.03,195.00
2021-09-29,EXPON0000,,193.25,195.00,-1.75,198.00,198.00,191.25,193.76,"6085322","1179064388","3227",61.10,-0.89,193.25
2021-09-30,EXPON0000,,199.25,193.25,6.00,195.00,201.25,191.75,197.72,"10590863","2094070972","4802",61.86,3.10,199.25
2021-10-01,EXPON0000,,198.25,199.25,-1.00,200.00,204.00,195.00,199.66,"5301524","1058476280","3584",64.21,-0.50,198.25
2021-10-04,EXPON0000,,195.25,198.25,-3.00,196.00,197.00,192.25,194.41,"2926411","568931318","2375",82.68,-1.51,195.25
2021-10-05,EXPON0000,,189.25,195.25,-6.00,195.25,196.00,185.25,190.25,"6730332","1280419590","5332",74.25,-3.07,189.25
2021-10-06,EXPON0000,,189.50,189.25,0.25,189.00,193.75,186.50,189.39,"2333919","442031042","2054",66.52,0.13,189.50
2021-10-07,EXPON0000,,192.00,189.50,2.50,190.00,193.50,185.75,189.60,"3177774","602497225","2009",74.09,1.31,192.00
2021-10-08,EXPON0000,,192.75,192.00,0.75,193.00,194.75,189.25,192.93,"942660","181870006",937,74.21,0.39,192.75
2021-10-11,EXPON0000,,190.25,192.75,-2.50,191.50,193.00,189.75,190.46,"1598530","304457390","1078",74.21,-1.29,190.25
2021-10-12,EXPON0000,,191.50,190.25,1.25,192.25,194.50,189.25,191.46,"1561895","299034495","1082",73.24,0.65,191.50
2021-10-13,EXPON0000,,188.00,191.50,-3.50,190.00,191.00,187.00,188.86,"2269160","428546988","1999",65.87,-1.82,188.00
2021-10-14,EXPON0000,,193.25,188.00,5.25,190.50,194.50,189.75,192.58,"1892501","364452226","1039",66.67,2.79,193.25
2021-10-15,EXPON0000,,195.75,193.25,2.50,194.50,198.50,194.50,197.03,"1610829","317377216","1476",57.74,1.29,195.75
2021-10-18,EXPON0000,,197.25,195.75,1.50,197.00,199.75,196.25,198.39,"1953806","387620610","1459",52.98,0.76,197.25
2021-10-21,EXPON0000,,201.50,197.25,4.25,200.00,202.75,198.25,200.85,"2918020","586090416","2247",60.25,2.15,201.50
2021-10-22,EXPON0000,,209.00,201.50,7.50,203.00,209.75,203.00,207.01,"3926167","812767790","3142",61.68,3.72,209.00
2021-10-25,EXPON0000,,224.75,209.00,15.75,217.00,227.00,217.00,223.52,"10795031","2412896670","6570",73.45,7.53,224.75
2021-10-26,EXPON0000,,223.00,224.75,-1.75,227.00,229.50,220.25,224.30,"3610101","809759889","3565",75.11,-0.77,223.00
2021-10-27,EXPON0000,,219.00,223.00,-4.00,223.00,224.00,217.50,219.81,"4979216","1094462718","3677",77.94,-1.79,219.00
2021-10-28,EXPON0000,,216.25,219.00,-2.75,220.00,220.00,214.50,217.14,"4066900","883066353","3733",73.99,-1.25,216.25
2021-10-29,EXPON0000,,216.25,216.25,0.00,220.00,222.00,210.75,216.47,"5270976","1141017063","5399",72.77,0.00,216.25
2021-11-01,EXPON0000,,210.75,216.25,-5.50,218.00,220.75,208.25,213.30,"4414739","941676607","4796",65.52,-2.54,210.75
2021-11-02,EXPON0000,,207.00,210.75,-3.75,210.50,211.00,204.75,207.62,"5099883","1058828598","4275",64.14,-1.77,207.00
2021-11-03,EXPON0000,,203.25,207.00,-3.75,210.00,210.00,202.50,204.85,"5012258","1026740706","3836",59.51,-1.81,203.25
2021-11-05,EXPON0000,,198.25,203.25,-5.00,203.00,204.75,197.25,200.06,"4944274","989129286","5165",58.10,-2.46,198.25
2021-11-08,EXPON0000,,207.00,198.25,8.75,199.00,208.75,193.00,202.49,"5062954","1025217461","3559",60.30,4.41,207.00
2021-11-09,EXPON0000,,199.75,207.00,-7.25,209.00,209.00,199.00,201.14,"2670444","537133208","2502",52.80,-3.50,199.75
2021-11-10,EXPON0000,,200.25,199.75,0.50,200.00,206.00,196.75,200.87,"862714","173294889","1334",52.13,0.25,200.25
2021-11-11,EXPON0000,,197.25,200.25,-3.00,200.25,200.25,196.50,198.36,"1538372","305148730","2074",46.93,-1.49,197.25
2021-11-12,EXPON0000,,195.75,197.25,-1.50,197.25,200.00,194.00,196.42,"3988525","783431017","2830",39.53,-0.76,195.75
2021-11-15,EXPON0000,,202.75,195.75,7.00,194.50,205.00,192.50,201.11,"2130352","428425622","1682",29.82,3.57,202.75
2021-11-16,EXPON0000,,215.00,202.75,12.25,205.00,218.00,204.00,211.71,"5714306","1209749170","3587",43.85,6.04,215.00
2021-11-17,EXPON0000,,226.75,215.00,11.75,218.00,230.00,215.50,223.32,"6970992","1556735937","4496",55.33,5.46,226.75
2021-11-19,EXPON0000,,229.75,226.75,3.00,234.75,240.00,225.00,234.53,"6614722","1551358520","4516",59.25,1.32,229.75
2021-11-22,EXPON0000,,233.00,229.75,3.25,231.00,240.00,230.00,235.66,"2749851","648036949","2060",60.98,1.41,233.00
2021-11-23,EXPON0000,,232.50,233.00,-0.50,236.00,237.00,228.25,230.90,"2223964","513507016","2155",65.26,-0.21,232.50
2021-11-24,EXPON0000,,227.75,232.50,-4.75,232.00,232.00,225.00,227.84,"2470767","562930850","2319",64.36,-2.04,227.75
2021-11-25,EXPON0000,,235.25,227.75,7.50,228.00,238.00,226.50,232.54,"2619133","609059605","1853",71.05,3.29,235.25
2021-11-26,EXPON0000,,247.25,235.25,12.00,240.00,250.00,239.75,245.41,"4648608","1140807853","3325",79.52,5.10,247.25
2021-11-29,EXPON0000,,263.50,247.25,16.25,253.75,264.75,248.00,257.86,"7226417","1863372453","4807",81.22,6.57,263.50
2021-11-30,EXPON0000,,281.50,263.50,18.00,266.00,284.50,266.00,278.36,"6779978","1887306249","4843",90.37,6.83,281.50
2021-12-01,EXPON0000,,284.50,281.50,3.00,287.00,296.00,279.00,288.47,"5786658","1669250868","5325",90.60,1.06,284.50
2021-12-02,EXPON0000,,283.50,284.50,-1.00,282.00,289.00,272.00,282.20,"2924573","825327489","2989",92.38,-0.35,283.50
2021-12-03,EXPON0000,,280.25,283.50,-3.25,280.00,285.00,273.00,277.97,"3615328","1004959617","3456",90.82,-1.14,280.25
2021-12-06,EXPON0000,,295.00,280.25,14.75,285.00,297.75,280.25,291.15,"3379313","983895124","2996",91.46,5.26,295.00
